unit,cycle,sensor1,sensor2,sensor3,sensor4,sensor5,sensor6,sensor7,sensor8,sensor9,sensor10,sensor11,sensor12,sensor13,sensor14,sensor15,sensor16,sensor17,sensor18,sensor19,sensor20,sensor21,sensor22,sensor23,sensor24,max_cycle,RUL,failure
16,18,-0.0007,0.0004,100.0,518.67,642.74,1588.24,1415.16,14.62,21.61,553.3,2388.15,9056.49,1.3,47.62,521.17,2388.08,8139.8,8.4163,0.03,393,2388,100.0,38.68,23.2525,209,191,0
11,143,-0.0034,0.0002,100.0,518.67,642.21,1589.4,1399.7,14.62,21.61,554.32,2387.97,9072.83,1.3,47.44,521.55,2387.98,8144.46,8.458,0.03,393,2388,100.0,38.81,23.3783,240,97,0
22,78,0.0039,-0.0002,100.0,518.67,642.79,1590.88,1410.45,14.62,21.61,552.57,2388.13,9048.73,1.3,47.78,521.18,2388.18,8128.6,8.484,0.03,393,2388,100.0,38.72,23.2214,202,124,0
67,214,-0.0004,0.0002,100.0,518.67,642.57,1591.26,1414.19,14.62,21.61,553.38,2388.05,9069.35,1.3,47.65,521.4,2388.15,8146.17,8.433,0.03,392,2388,100.0,38.77,23.2326,313,99,0
53,173,0.0003,-0.0003,100.0,518.67,643.39,1601.08,1407.21,14.62,21.61,552.44,2388.11,9123.17,1.3,47.79,520.69,2388.09,8194.65,8.4973,0.03,395,2388,100.0,38.64,23.1678,195,22,1
67,242,0.0028,-0.0003,100.0,518.67,643.28,1597.21,1412.77,14.62,21.61,552.25,2388.17,9075.34,1.3,47.84,520.98,2388.12,8149.07,8.5127,0.03,393,2388,100.0,38.66,23.08,313,71,0
46,210,-0.0018,-0.0001,100.0,518.67,643.12,1593.6,1413.19,14.62,21.61,552.89,2388.16,9052.99,1.3,47.8,520.83,2388.11,8136.06,8.4864,0.03,395,2388,100.0,38.72,23.1658,256,46,0
94,257,-0.0036,-0.0002,100.0,518.67,643.3,1604.05,1431.12,14.62,21.61,551.32,2388.22,9148.49,1.3,48.32,520.02,2388.22,8216.89,8.4959,0.03,396,2388,100.0,38.21,23.1518,258,1,1
94,49,-0.0,-0.0002,100.0,518.67,643.04,1588.81,1406.9,14.62,21.61,553.3,2388.14,9050.35,1.3,47.57,520.88,2388.09,8126.07,8.4975,0.03,394,2388,100.0,38.75,23.3436,258,209,0
15,138,0.0029,0.0001,100.0,518.67,642.05,1585.88,1406.24,14.62,21.61,553.76,2388.09,9057.57,1.3,47.48,521.69,2388.08,8141.75,8.4561,0.03,393,2388,100.0,38.78,23.3039,207,69,0
17,201,0.0004,-0.0,100.0,518.67,642.54,1598.26,1406.68,14.62,21.61,553.68,2388.08,9097.7,1.3,47.62,521.21,2388.09,8169.01,8.4463,0.03,393,2388,100.0,38.76,23.359,276,75,0
45,51,0.0004,0.0001,100.0,518.67,642.69,1582.0,1403.06,14.62,21.61,554.51,2388.04,9072.97,1.3,47.23,522.43,2387.98,8146.61,8.386,0.03,393,2388,100.0,38.9,23.3697,158,107,0
63,94,-0.0006,-0.0004,100.0,518.67,642.4,1588.46,1413.29,14.62,21.61,554.52,2388.08,9067.37,1.3,47.53,521.81,2388.08,8143.75,8.4077,0.03,392,2388,100.0,38.98,23.321,174,80,0
46,229,0.0028,0.0001,100.0,518.67,643.35,1589.93,1428.51,14.62,21.61,551.78,2388.17,9054.46,1.3,47.67,521.53,2388.22,8135.05,8.4753,0.03,394,2388,100.0,38.59,23.215,256,27,1
2,33,-0.0032,0.0004,100.0,518.67,641.79,1585.17,1396.15,14.62,21.61,553.62,2388.01,9051.18,1.3,47.09,522.26,2387.99,8133.62,8.4102,0.03,392,2388,100.0,39.01,23.4434,287,254,0
58,83,-0.0027,0.0004,100.0,518.67,642.6,1596.22,1413.63,14.62,21.61,553.69,2388.07,9066.12,1.3,47.32,521.78,2388.06,8139.56,8.4514,0.03,392,2388,100.0,38.88,23.3562,147,64,0
69,304,-0.0011,-0.0002,100.0,518.67,642.98,1594.42,1420.09,14.62,21.61,551.97,2388.17,9056.32,1.3,47.71,521.03,2388.17,8137.34,8.4851,0.03,395,2388,100.0,38.7,23.1334,362,58,0
39,38,-0.0004,0.0004,100.0,518.67,642.71,1591.42,1410.03,14.62,21.61,552.74,2388.13,9046.52,1.3,47.76,521.33,2388.15,8132.22,8.4474,0.03,392,2388,100.0,38.78,23.3095,128,90,0
29,12,0.0014,-0.0001,100.0,518.67,642.33,1591.01,1410.3,14.62,21.61,554.0,2388.11,9058.11,1.3,47.27,521.79,2388.07,8143.65,8.4137,0.03,393,2388,100.0,38.88,23.2505,163,151,0
40,18,0.0006,0.0003,100.0,518.67,642.64,1588.2,1413.64,14.62,21.61,553.0,2388.07,9066.33,1.3,47.43,521.47,2388.12,8131.63,8.447,0.03,392,2388,100.0,38.73,23.2036,188,170,0
5,159,-0.0007,-0.0001,100.0,518.67,642.42,1585.25,1410.83,14.62,21.61,553.99,2387.99,9079.84,1.3,47.45,521.64,2388.04,8149.84,8.3972,0.03,392,2388,100.0,39.09,23.3098,269,110,0
52,156,-0.0026,0.0002,100.0,518.67,642.92,1594.75,1405.02,14.62,21.61,552.43,2388.07,9059.36,1.3,47.55,520.29,2388.14,8143.39,8.4547,0.03,394,2388,100.0,38.65,23.1323,213,57,0
37,119,0.0024,0.0001,100.0,518.67,643.16,1588.24,1410.48,14.62,21.61,553.34,2388.14,9039.32,1.3,47.64,521.01,2388.21,8121.28,8.4163,0.03,395,2388,100.0,38.7,23.213,170,51,0
73,108,0.0003,-0.0001,100.0,518.67,643.18,1587.43,1406.13,14.62,21.61,553.16,2388.21,9044.22,1.3,47.64,521.15,2388.14,8124.88,8.442,0.03,393,2388,100.0,39.0,23.1896,213,105,0
83,216,-0.0023,0.0004,100.0,518.67,642.03,1589.73,1408.34,14.62,21.61,554.23,2388.09,9053.29,1.3,47.5,521.75,2388.06,8135.62,8.4268,0.03,394,2388,100.0,38.67,23.2581,293,77,0
73,156,-0.0013,0.0,100.0,518.67,642.96,1593.46,1413.42,14.62,21.61,552.12,2388.2,9041.43,1.3,47.93,520.14,2388.2,8117.21,8.4662,0.03,395,2388,100.0,38.52,23.2208,213,57,0
36,149,0.001,0.0002,100.0,518.67,643.45,1592.85,1431.97,14.62,21.61,551.73,2388.29,9052.39,1.3,48.02,519.69,2388.26,8134.23,8.4919,0.03,396,2388,100.0,38.69,23.0948,158,9,1
69,130,-0.0041,-0.0002,100.0,518.67,642.27,1584.29,1406.42,14.62,21.61,553.63,2388.07,9061.3,1.3,47.5,521.56,2388.09,8140.92,8.413,0.03,394,2388,100.0,38.93,23.3508,362,232,0
36,35,0.0013,0.0003,100.0,518.67,642.64,1591.13,1406.26,14.62,21.61,553.8,2388.11,9062.0,1.3,47.39,521.78,2388.08,8139.26,8.4349,0.03,391,2388,100.0,38.85,23.2508,158,123,0
54,230,0.0036,-0.0001,100.0,518.67,642.98,1599.85,1420.21,14.62,21.61,552.12,2388.14,9110.96,1.3,47.66,520.64,2388.08,8181.5,8.4809,0.03,394,2388,100.0,38.74,23.1741,257,27,1
27,90,0.0001,0.0,100.0,518.67,642.13,1591.67,1408.51,14.62,21.61,553.68,2388.08,9069.56,1.3,47.6,520.97,2388.12,8151.82,8.4565,0.03,394,2388,100.0,38.68,23.3718,156,66,0
96,7,0.0021,0.0005,100.0,518.67,642.2,1583.86,1397.12,14.62,21.61,554.24,2388.04,9052.24,1.3,47.28,522.43,2388.03,8133.24,8.3763,0.03,393,2388,100.0,39.08,23.3395,336,329,0
9,179,0.0007,0.0003,100.0,518.67,643.01,1600.05,1412.2,14.62,21.61,553.9,2388.09,9156.95,1.3,47.66,521.22,2388.04,8216.9,8.4385,0.03,394,2388,100.0,38.73,23.2207,201,22,1
82,25,-0.0016,0.0003,100.0,518.67,642.48,1583.22,1392.81,14.62,21.61,554.59,2388.05,9062.85,1.3,47.19,522.25,2387.96,8142.57,8.3922,0.03,393,2388,100.0,39.06,23.3843,214,189,0
89,98,-0.0002,-0.0006,100.0,518.67,642.43,1580.15,1398.86,14.62,21.61,553.15,2388.06,9051.93,1.3,47.32,521.68,2388.03,8131.94,8.3937,0.03,391,2388,100.0,38.87,23.3936,217,119,0
34,79,-0.0025,0.0002,100.0,518.67,642.26,1591.88,1404.2,14.62,21.61,552.7,2388.07,9070.36,1.3,47.55,521.71,2388.1,8139.21,8.4227,0.03,394,2388,100.0,38.8,23.2292,195,116,0
33,142,0.0006,0.0002,100.0,518.67,642.3,1579.26,1407.96,14.62,21.61,553.87,2388.12,9064.14,1.3,47.3,521.79,2388.12,8136.87,8.4406,0.03,392,2388,100.0,38.64,23.4127,200,58,0
55,3,0.0012,-0.0,100.0,518.67,642.58,1591.48,1394.99,14.62,21.61,553.52,2388.11,9050.16,1.3,47.44,522.29,2388.12,8129.66,8.4301,0.03,392,2388,100.0,38.92,23.3784,193,190,0
17,246,-0.0022,0.0001,100.0,518.67,642.62,1597.58,1419.6,14.62,21.61,552.84,2388.13,9134.62,1.3,47.66,520.75,2388.14,8194.51,8.4397,0.03,393,2388,100.0,38.74,23.2464,276,30,0
10,215,-0.0037,0.0002,100.0,518.67,643.01,1600.31,1429.1,14.62,21.61,552.17,2388.17,9102.92,1.3,47.9,519.6,2388.16,8174.12,8.5234,0.03,395,2388,100.0,38.68,23.0892,222,7,1
55,25,-0.0023,0.0004,100.0,518.67,642.24,1586.67,1408.9,14.62,21.61,554.11,2388.11,9057.0,1.3,47.47,521.59,2388.08,8135.48,8.4511,0.03,393,2388,100.0,39.04,23.4263,193,168,0
11,99,0.0009,0.0001,100.0,518.67,642.13,1581.23,1394.92,14.62,21.61,554.32,2388.07,9056.34,1.3,47.24,521.95,2388.02,8140.06,8.4511,0.03,392,2388,100.0,39.07,23.4178,240,141,0
95,208,0.0025,0.0003,100.0,518.67,642.92,1593.0,1403.58,14.62,21.61,553.46,2388.07,9081.94,1.3,47.49,522.04,2388.12,8158.82,8.4313,0.03,391,2388,100.0,38.81,23.2553,283,75,0
41,167,0.002,0.0001,100.0,518.67,642.65,1589.84,1411.28,14.62,21.61,552.83,2388.06,9098.71,1.3,47.47,520.77,2388.1,8164.53,8.4152,0.03,393,2388,100.0,38.81,23.2936,216,49,0
25,50,0.0041,-0.0004,100.0,518.67,642.17,1587.44,1411.53,14.62,21.61,553.51,2388.07,9045.45,1.3,47.54,521.69,2388.12,8130.63,8.4283,0.03,393,2388,100.0,38.74,23.4,230,180,0
35,166,0.0009,0.0003,100.0,518.67,643.31,1603.92,1423.17,14.62,21.61,551.99,2388.17,9084.22,1.3,47.95,520.47,2388.2,8156.52,8.4833,0.03,395,2388,100.0,38.43,23.1508,181,15,1
47,186,0.0007,-0.0002,100.0,518.67,643.03,1597.18,1420.9,14.62,21.61,552.53,2388.12,9091.74,1.3,47.85,521.16,2388.11,8167.18,8.4665,0.03,395,2388,100.0,38.77,23.2148,214,28,1
51,46,-0.002,0.0004,100.0,518.67,642.59,1580.8,1393.9,14.62,21.61,554.99,2388.02,9071.14,1.3,47.11,522.11,2387.95,8149.89,8.4039,0.03,391,2388,100.0,39.16,23.3419,213,167,0
47,114,-0.0081,0.0004,100.0,518.67,642.19,1585.06,1410.45,14.62,21.61,553.76,2388.05,9067.87,1.3,47.3,522.05,2388.05,8146.16,8.3821,0.03,392,2388,100.0,38.74,23.2997,214,100,0
62,129,-0.0051,-0.0003,100.0,518.67,643.13,1591.62,1415.35,14.62,21.61,552.96,2388.17,9061.81,1.3,47.83,521.01,2388.19,8131.7,8.4765,0.03,394,2388,100.0,38.81,23.2219,180,51,0
67,209,-0.0009,0.0001,100.0,518.67,642.62,1589.85,1411.47,14.62,21.61,553.48,2388.11,9068.88,1.3,47.68,521.28,2388.11,8144.11,8.4716,0.03,395,2388,100.0,38.55,23.273,313,104,0
35,89,-0.0012,-0.0004,100.0,518.67,643.03,1581.49,1406.63,14.62,21.61,553.14,2388.0,9056.4,1.3,47.51,521.71,2388.11,8140.67,8.4518,0.03,393,2388,100.0,38.95,23.3454,181,92,0
62,123,0.0046,0.0003,100.0,518.67,643.05,1591.99,1409.42,14.62,21.61,552.8,2388.11,9052.94,1.3,47.58,521.26,2388.18,8133.29,8.4623,0.03,395,2388,100.0,38.83,23.2613,180,57,0
54,33,0.0016,-0.0004,100.0,518.67,642.29,1578.38,1396.15,14.62,21.61,554.87,2388.03,9067.86,1.3,47.16,522.49,2388.0,8145.66,8.3916,0.03,392,2388,100.0,39.06,23.5014,257,224,0
97,154,-0.0035,0.0004,100.0,518.67,642.22,1594.3,1407.36,14.62,21.61,552.53,2388.04,9095.88,1.3,47.62,521.89,2388.05,8161.56,8.4363,0.03,393,2388,100.0,38.73,23.2671,202,48,0
22,148,0.0027,-0.0004,100.0,518.67,642.83,1597.21,1414.99,14.62,21.61,552.48,2388.24,9042.44,1.3,47.87,520.62,2388.2,8128.39,8.5105,0.03,396,2388,100.0,38.56,23.1653,202,54,0
51,120,0.0009,-0.0004,100.0,518.67,642.21,1591.5,1408.52,14.62,21.61,554.01,2387.99,9074.05,1.3,47.2,522.52,2388.01,8157.42,8.421,0.03,394,2388,100.0,38.95,23.3511,213,93,0
88,7,-0.0003,-0.0001,100.0,518.67,642.4,1585.57,1397.19,14.62,21.61,554.02,2388.0,9065.09,1.3,47.21,521.85,2388.01,8150.48,8.4039,0.03,392,2388,100.0,39.23,23.4079,213,206,0
67,226,0.0005,-0.0002,100.0,518.67,642.88,1592.24,1414.05,14.62,21.61,553.27,2388.12,9062.88,1.3,47.51,521.26,2388.12,8150.14,8.487,0.03,392,2388,100.0,38.79,23.2206,313,87,0
4,10,0.0006,-0.0003,100.0,518.67,642.78,1586.0,1400.12,14.62,21.61,553.54,2388.06,9050.49,1.3,47.5,521.54,2388.09,8131.5,8.4233,0.03,392,2388,100.0,38.94,23.3154,189,179,0
83,87,0.0023,0.0004,100.0,518.67,642.24,1584.41,1395.95,14.62,21.61,555.2,2388.03,9058.8,1.3,47.08,522.48,2388.05,8145.74,8.4106,0.03,393,2388,100.0,39.0,23.4547,293,206,0
96,130,0.0009,-0.0001,100.0,518.67,641.85,1580.37,1403.66,14.62,21.61,553.63,2388.05,9052.27,1.3,47.33,521.56,2388.09,8132.27,8.4005,0.03,393,2388,100.0,38.97,23.4149,336,206,0
31,78,0.0027,-0.0003,100.0,518.67,642.55,1584.71,1397.01,14.62,21.61,553.76,2388.03,9062.0,1.3,47.3,522.17,2388.09,8141.35,8.3719,0.03,392,2388,100.0,39.01,23.3907,234,156,0
76,114,-0.0015,-0.0,100.0,518.67,643.15,1591.32,1417.0,14.62,21.61,552.97,2388.15,9056.75,1.3,47.65,520.76,2388.14,8129.33,8.4543,0.03,393,2388,100.0,38.73,23.2524,210,96,0
55,84,-0.0,0.0001,100.0,518.67,642.88,1589.07,1405.1,14.62,21.61,553.15,2388.06,9047.47,1.3,47.63,521.18,2388.1,8141.04,8.4417,0.03,393,2388,100.0,38.94,23.3036,193,109,0
97,59,-0.0028,0.0004,100.0,518.67,642.41,1590.0,1399.24,14.62,21.61,554.29,2388.1,9048.84,1.3,47.44,521.97,2388.08,8128.3,8.4099,0.03,391,2388,100.0,38.91,23.3623,202,143,0
81,168,0.0005,-0.0002,100.0,518.67,643.38,1585.84,1414.4,14.62,21.61,552.22,2388.12,9059.7,1.3,47.69,520.69,2388.15,8137.98,8.4455,0.03,395,2388,100.0,38.81,23.2007,240,72,0
61,168,0.0034,0.0001,100.0,518.67,643.16,1596.01,1421.04,14.62,21.61,552.31,2388.22,9044.53,1.3,48.0,520.98,2388.18,8122.82,8.4966,0.03,394,2388,100.0,38.61,23.3654,185,17,1
59,155,-0.0003,-0.0003,100.0,518.67,642.65,1587.9,1405.22,14.62,21.61,552.37,2388.07,9061.24,1.3,47.39,521.23,2388.03,8143.46,8.4367,0.03,392,2388,100.0,38.93,23.4012,231,76,0
67,122,-0.0018,-0.0002,100.0,518.67,642.66,1590.35,1408.18,14.62,21.61,553.32,2388.07,9069.4,1.3,47.35,521.54,2388.02,8147.17,8.4328,0.03,394,2388,100.0,38.91,23.2908,313,191,0
89,204,0.001,-0.0004,100.0,518.67,644.18,1601.77,1421.7,14.62,21.61,552.14,2388.13,9073.44,1.3,48.01,520.2,2388.2,8147.61,8.4965,0.03,395,2388,100.0,38.48,23.1124,217,13,1
19,125,0.0003,-0.0003,100.0,518.67,643.61,1596.71,1419.75,14.62,21.61,551.93,2388.19,9046.72,1.3,47.98,520.4,2388.19,8123.15,8.4764,0.03,394,2388,100.0,38.59,23.2692,158,33,0
90,108,-0.0004,0.0002,100.0,518.67,642.51,1586.34,1409.45,14.62,21.61,553.53,2388.08,9050.73,1.3,47.49,521.75,2388.1,8130.2,8.4464,0.03,394,2388,100.0,38.85,23.2631,154,46,0
60,43,-0.0003,-0.0003,100.0,518.67,642.08,1595.6,1396.66,14.62,21.61,553.92,2388.09,9052.01,1.3,47.43,521.86,2388.12,8137.68,8.4607,0.03,394,2388,100.0,38.96,23.4068,172,129,0
85,81,0.0014,0.0001,100.0,518.67,642.26,1582.11,1401.47,14.62,21.61,552.26,2388.11,9045.85,1.3,47.36,521.56,2388.07,8134.66,8.429,0.03,392,2388,100.0,38.87,23.3273,188,107,0
11,93,-0.0009,0.0003,100.0,518.67,641.9,1591.55,1403.52,14.62,21.61,553.87,2388.05,9053.77,1.3,47.47,521.95,2388.06,8142.06,8.4103,0.03,390,2388,100.0,38.93,23.3372,240,147,0
86,266,0.0007,0.0002,100.0,518.67,643.53,1603.98,1424.4,14.62,21.61,550.71,2388.19,9082.13,1.3,48.17,519.5,2388.25,8146.28,8.4977,0.03,396,2388,100.0,38.52,22.9519,278,12,1
50,54,-0.002,0.0003,100.0,518.67,642.03,1586.26,1407.92,14.62,21.61,553.54,2388.02,9065.53,1.3,47.33,521.19,2388.04,8141.71,8.4345,0.03,392,2388,100.0,38.93,23.4203,198,144,0
19,136,0.0025,-0.0003,100.0,518.67,642.92,1597.09,1422.71,14.62,21.61,551.76,2388.29,9040.21,1.3,47.79,520.25,2388.22,8119.66,8.5123,0.03,397,2388,100.0,38.53,23.2237,158,22,1
76,176,0.0021,0.0,100.0,518.67,643.14,1602.66,1423.9,14.62,21.61,552.22,2388.23,9058.36,1.3,47.85,521.11,2388.22,8136.21,8.4986,0.03,395,2388,100.0,38.51,23.1241,210,34,0
56,136,-0.0004,-0.0004,100.0,518.67,643.05,1589.27,1407.67,14.62,21.61,553.68,2388.14,9055.58,1.3,47.46,521.33,2388.12,8134.1,8.436,0.03,392,2388,100.0,38.81,23.216,275,139,0
43,71,-0.0,0.0002,100.0,518.67,642.32,1586.76,1398.33,14.62,21.61,554.62,2388.04,9053.52,1.3,47.24,522.04,2388.03,8133.58,8.4244,0.03,391,2388,100.0,39.03,23.3275,207,136,0
58,62,0.0022,-0.0,100.0,518.67,642.58,1583.31,1409.23,14.62,21.61,553.89,2388.06,9063.08,1.3,47.39,522.61,2388.07,8144.95,8.4152,0.03,393,2388,100.0,38.86,23.3407,147,85,0
79,169,0.0016,0.0003,100.0,518.67,642.19,1594.26,1409.62,14.62,21.61,552.74,2388.08,9084.87,1.3,47.56,520.67,2388.1,8157.78,8.4304,0.03,393,2388,100.0,38.74,23.1841,199,30,0
47,7,0.0044,0.0,100.0,518.67,641.85,1584.89,1406.01,14.62,21.61,554.63,2388.04,9066.62,1.3,47.18,522.33,2388.02,8146.4,8.3998,0.03,392,2388,100.0,39.02,23.2455,214,207,0
47,166,-0.0011,-0.0004,100.0,518.67,642.87,1591.43,1409.8,14.62,21.61,553.94,2388.07,9080.28,1.3,47.56,520.99,2388.06,8156.58,8.4713,0.03,394,2388,100.0,38.74,23.2342,214,48,0
78,129,-0.0026,-0.0001,100.0,518.67,641.98,1587.68,1398.81,14.62,21.6,553.88,2388.08,9064.47,1.3,47.08,522.08,2388.03,8138.7,8.3897,0.03,392,2388,100.0,38.82,23.4386,231,102,0
49,175,-0.0009,-0.0002,100.0,518.67,642.88,1598.03,1418.26,14.62,21.61,552.78,2388.2,9059.3,1.3,47.82,520.72,2388.21,8135.73,8.5106,0.03,395,2388,100.0,38.68,23.1267,215,40,0
50,5,-0.0018,0.0003,100.0,518.67,642.41,1589.7,1401.43,14.62,21.61,554.26,2388.05,9060.73,1.3,47.33,522.1,2388.0,8143.94,8.4295,0.03,394,2388,100.0,38.98,23.334,198,193,0
80,148,0.0003,-0.0002,100.0,518.67,643.1,1595.0,1415.34,14.62,21.61,552.87,2388.08,9098.15,1.3,47.72,520.87,2388.11,8164.15,8.4795,0.03,394,2388,100.0,38.58,23.3456,185,37,0
86,120,-0.0003,0.0001,100.0,518.67,642.23,1591.3,1406.47,14.62,21.61,554.14,2388.02,9058.07,1.3,47.49,521.46,2388.07,8139.78,8.4462,0.03,392,2388,100.0,38.75,23.261,278,158,0
91,77,0.0013,-0.0,100.0,518.67,643.09,1597.57,1416.33,14.62,21.61,553.38,2388.22,9056.76,1.3,47.72,520.85,2388.16,8136.23,8.4435,0.03,395,2388,100.0,38.67,23.3237,135,58,0
42,150,-0.0002,-0.0004,100.0,518.67,643.3,1594.3,1414.34,14.62,21.61,552.77,2388.14,9072.91,1.3,47.72,521.0,2388.11,8138.5,8.5186,0.03,393,2388,100.0,38.57,23.18,196,46,0
9,70,0.0009,-0.0005,100.0,518.67,641.94,1585.09,1398.8,14.62,21.61,553.79,2388.07,9070.96,1.3,47.34,522.29,2387.98,8148.64,8.3855,0.03,391,2388,100.0,39.17,23.4468,201,131,0
71,58,-0.0,-0.0002,100.0,518.67,642.69,1588.9,1408.06,14.62,21.61,553.23,2388.12,9042.5,1.3,47.31,521.45,2388.1,8127.72,8.4242,0.03,393,2388,100.0,39.08,23.4234,208,150,0
81,118,0.0035,0.0002,100.0,518.67,642.17,1594.05,1404.28,14.62,21.61,553.45,2388.07,9060.47,1.3,47.45,521.62,2388.11,8147.53,8.4803,0.03,393,2388,100.0,38.92,23.1655,240,122,0
69,170,-0.0038,-0.0002,100.0,518.67,642.29,1582.07,1405.88,14.62,21.61,554.05,2388.05,9061.58,1.3,47.42,521.81,2388.09,8136.06,8.4019,0.03,394,2388,100.0,38.82,23.3343,362,192,0
77,147,0.0018,0.0004,100.0,518.67,642.92,1598.62,1419.2,14.62,21.61,551.88,2388.19,9072.67,1.3,48.17,519.76,2388.11,8136.32,8.527,0.03,396,2388,100.0,38.41,23.1524,154,7,1
49,155,-0.0012,0.0002,100.0,518.67,642.57,1589.48,1415.94,14.62,21.61,552.41,2388.2,9056.28,1.3,47.56,520.8,2388.16,8126.23,8.4653,0.03,394,2388,100.0,38.58,23.1464,215,60,0
64,118,0.0001,0.0,100.0,518.67,642.48,1592.19,1410.83,14.62,21.61,553.58,2388.06,9059.28,1.3,47.6,521.28,2388.09,8139.37,8.4488,0.03,392,2388,100.0,38.91,23.3141,283,165,0
88,91,-0.0012,-0.0001,100.0,518.67,642.59,1585.82,1404.5,14.62,21.61,554.0,2388.05,9072.8,1.3,47.38,521.93,2388.02,8149.33,8.4538,0.03,392,2388,100.0,39.02,23.4052,213,122,0
65,82,-0.0006,-0.0003,100.0,518.67,642.89,1588.96,1398.37,14.62,21.61,553.44,2388.06,9061.03,1.3,47.33,521.5,2388.07,8142.44,8.4102,0.03,393,2388,100.0,38.78,23.4228,153,71,0
30,88,-0.0052,0.0002,100.0,518.67,642.23,1577.76,1394.11,14.62,21.61,555.04,2388.0,9056.32,1.3,47.23,522.62,2387.95,8144.04,8.3793,0.03,393,2388,100.0,39.15,23.3897,194,106,0
86,62,0.0014,0.0002,100.0,518.67,642.66,1585.04,1405.16,14.62,21.61,553.74,2388.09,9065.54,1.3,47.48,522.25,2388.07,8140.95,8.4351,0.03,393,2388,100.0,38.91,23.3764,278,216,0
82,161,-0.0006,0.0002,100.0,518.67,642.68,1584.55,1406.73,14.62,21.61,553.7,2387.99,9097.78,1.3,47.45,521.51,2388.04,8167.16,8.4205,0.03,394,2388,100.0,38.92,23.3002,214,53,0
81,34,-0.0019,0.0001,100.0,518.67,642.51,1597.07,1408.95,14.62,21.61,553.54,2388.11,9057.94,1.3,47.35,522.16,2388.05,8141.97,8.4108,0.03,392,2388,100.0,38.76,23.3034,240,206,0
33,31,-0.002,-0.0004,100.0,518.67,642.2,1579.74,1402.15,14.62,21.61,555.04,2388.0,9057.82,1.3,47.01,522.55,2387.98,8142.21,8.3681,0.03,391,2388,100.0,39.07,23.5123,200,169,0
54,48,-0.0036,-0.0003,100.0,518.67,642.39,1592.11,1393.97,14.62,21.61,554.05,2388.04,9053.38,1.3,47.26,522.3,2388.02,8138.44,8.4014,0.03,391,2388,100.0,38.89,23.2904,257,209,0
55,170,-0.0008,0.0002,100.0,518.67,643.41,1595.6,1421.72,14.62,21.61,553.2,2388.04,9124.14,1.3,47.81,521.01,2388.09,8194.87,8.4801,0.03,394,2388,100.0,38.64,23.2321,193,23,1
44,170,0.0013,-0.0003,100.0,518.67,643.18,1596.1,1419.16,14.62,21.61,553.41,2388.16,9083.68,1.3,48.0,521.31,2388.11,8148.22,8.4874,0.03,395,2388,100.0,38.66,23.0593,192,22,1
33,92,0.0019,0.0002,100.0,518.67,642.09,1581.91,1396.03,14.62,21.61,554.37,2388.03,9060.55,1.3,47.51,522.21,2388.04,8148.06,8.3954,0.03,391,2388,100.0,38.9,23.5115,200,108,0
23,76,-0.004,-0.0004,100.0,518.67,642.78,1585.81,1403.58,14.62,21.61,552.44,2388.13,9051.22,1.3,47.44,521.12,2388.14,8126.35,8.471,0.03,394,2388,100.0,38.79,23.302,168,92,0
1,11,0.0018,-0.0003,100.0,518.67,642.28,1581.75,1400.64,14.62,21.61,554.54,2388.05,9049.61,1.3,47.15,521.4,2388.01,8140.58,8.434,0.03,392,2388,100.0,38.94,23.4787,192,181,0
20,106,-0.0011,-0.0002,100.0,518.67,642.22,1589.26,1413.83,14.62,21.61,553.31,2388.13,9066.42,1.3,47.45,521.45,2388.12,8138.85,8.4393,0.03,395,2388,100.0,38.72,23.2713,234,128,0
41,171,-0.0007,0.0001,100.0,518.67,643.12,1591.17,1405.76,14.62,21.61,553.4,2388.02,9105.49,1.3,47.48,521.33,2388.1,8173.37,8.4522,0.03,393,2388,100.0,38.9,23.3059,216,45,0
80,158,-0.001,0.0004,100.0,518.67,643.47,1595.66,1415.79,14.62,21.61,552.51,2388.14,9104.81,1.3,47.97,520.39,2388.12,8181.93,8.4755,0.03,395,2388,100.0,38.68,23.2602,185,27,1
68,132,-0.0012,-0.0001,100.0,518.67,643.03,1590.87,1412.38,14.62,21.61,552.73,2388.07,9081.46,1.3,47.47,521.82,2388.07,8156.91,8.4572,0.03,395,2388,100.0,38.86,23.2744,199,67,0
7,225,0.0013,-0.0002,100.0,518.67,643.1,1601.64,1404.63,14.62,21.61,552.11,2388.16,9072.91,1.3,47.58,520.3,2388.15,8147.47,8.4919,0.03,395,2388,100.0,38.67,23.1872,259,34,0
16,196,-0.0049,0.0005,100.0,518.67,643.36,1594.72,1423.16,14.62,21.61,552.22,2388.23,9069.26,1.3,47.92,519.6,2388.2,8135.11,8.5304,0.03,395,2388,100.0,38.4,23.044,209,13,1
12,35,0.0021,0.0,100.0,518.67,642.79,1588.11,1407.2,14.62,21.61,553.78,2388.14,9048.56,1.3,47.46,521.68,2388.17,8131.01,8.4219,0.03,392,2388,100.0,38.79,23.2092,170,135,0
51,86,-0.0009,0.0002,100.0,518.67,642.42,1582.38,1403.02,14.62,21.61,554.46,2388.07,9068.33,1.3,47.29,522.04,2388.02,8149.97,8.4191,0.03,392,2388,100.0,39.09,23.3363,213,127,0
62,3,-0.0004,0.0004,100.0,518.67,642.52,1589.38,1408.06,14.62,21.61,553.07,2388.08,9055.76,1.3,47.68,521.57,2388.09,8137.36,8.4472,0.03,394,2388,100.0,38.88,23.2851,180,177,0
33,126,0.0031,0.0004,100.0,518.67,641.66,1585.06,1401.68,14.62,21.61,553.84,2388.05,9062.33,1.3,47.39,522.22,2388.05,8138.46,8.4106,0.03,393,2388,100.0,39.01,23.4236,200,74,0
28,40,0.0002,-0.0002,100.0,518.67,642.01,1587.66,1406.12,14.62,21.61,554.67,2388.01,9064.71,1.3,47.11,522.0,2387.97,8147.36,8.3907,0.03,392,2388,100.0,39.2,23.3242,165,125,0
11,125,0.0009,0.0002,100.0,518.67,642.07,1596.07,1403.9,14.62,21.61,554.18,2387.98,9065.39,1.3,47.5,521.42,2388.02,8146.8,8.4018,0.03,391,2388,100.0,38.93,23.4796,240,115,0
97,22,-0.0021,0.0002,100.0,518.67,642.24,1584.77,1395.62,14.62,21.61,553.72,2388.04,9054.45,1.3,47.25,521.58,2388.08,8127.75,8.412,0.03,393,2388,100.0,38.85,23.4,202,180,0
52,59,-0.004,-0.0001,100.0,518.67,642.72,1590.37,1412.24,14.62,21.61,554.27,2388.12,9054.8,1.3,47.36,521.28,2388.11,8129.77,8.4226,0.03,394,2388,100.0,38.91,23.2569,213,154,0
71,91,-0.0003,0.0004,100.0,518.67,642.44,1589.04,1411.5,14.62,21.61,553.14,2388.14,9057.43,1.3,47.55,521.62,2388.1,8133.12,8.4597,0.03,394,2388,100.0,38.82,23.2533,208,117,0
16,121,-0.0011,0.0001,100.0,518.67,643.25,1595.08,1418.02,14.62,21.61,552.41,2388.17,9056.1,1.3,47.78,520.78,2388.19,8132.37,8.4823,0.03,395,2388,100.0,38.74,23.1478,209,88,0
6,167,0.0,-0.0005,100.0,518.67,643.48,1599.22,1425.97,14.62,21.61,551.98,2388.18,9039.15,1.3,48.03,520.23,2388.28,8116.64,8.4969,0.03,396,2388,100.0,38.52,23.0509,188,21,1
70,53,0.0041,0.0001,100.0,518.67,642.18,1593.61,1399.19,14.62,21.61,554.21,2388.1,9067.26,1.3,47.41,521.19,2388.06,8144.18,8.4103,0.03,391,2388,100.0,38.9,23.2632,137,84,0
70,9,0.003,-0.0005,100.0,518.67,642.85,1577.69,1402.84,14.62,21.61,553.31,2388.05,9062.32,1.3,47.26,521.76,2388.08,8140.31,8.4612,0.03,394,2388,100.0,38.9,23.2371,137,128,0
95,36,-0.0031,-0.0004,100.0,518.67,642.04,1590.03,1398.98,14.62,21.61,554.94,2388.05,9068.37,1.3,47.24,522.24,2388.0,8147.0,8.3863,0.03,392,2388,100.0,38.94,23.4308,283,247,0
19,54,0.0003,-0.0003,100.0,518.67,642.79,1597.75,1413.44,14.62,21.61,552.63,2388.18,9035.93,1.3,47.71,521.57,2388.16,8126.63,8.4485,0.03,393,2388,100.0,38.77,23.2657,158,104,0
96,192,-0.0017,0.0003,100.0,518.67,642.42,1595.78,1409.35,14.62,21.61,553.44,2388.07,9055.64,1.3,47.32,521.32,2388.05,8135.91,8.4307,0.03,394,2388,100.0,38.93,23.2574,336,144,0
75,179,0.0016,0.0,100.0,518.67,642.92,1589.18,1415.33,14.62,21.61,552.7,2388.23,9027.72,1.3,47.78,520.43,2388.24,8119.76,8.4688,0.03,395,2388,100.0,38.72,23.213,229,50,0
27,77,0.0017,-0.0003,100.0,518.67,642.87,1588.09,1409.32,14.62,21.61,554.35,2388.03,9076.28,1.3,47.46,521.62,2388.14,8153.49,8.4316,0.03,392,2388,100.0,38.9,23.3397,156,79,0
89,194,0.0012,-0.0001,100.0,518.67,643.36,1588.51,1413.85,14.62,21.61,552.38,2388.18,9073.71,1.3,47.82,520.69,2388.13,8146.13,8.4624,0.03,394,2388,100.0,38.5,23.0612,217,23,1
29,71,0.0044,0.0004,100.0,518.67,642.57,1592.09,1410.74,14.62,21.61,552.82,2388.11,9065.32,1.3,47.49,521.23,2388.09,8138.2,8.4584,0.03,393,2388,100.0,38.77,23.3319,163,92,0
4,11,0.0034,0.0003,100.0,518.67,642.21,1588.75,1395.79,14.62,21.61,553.58,2388.07,9049.29,1.3,47.31,522.35,2388.06,8130.08,8.4134,0.03,394,2388,100.0,39.21,23.4153,189,178,0
61,100,0.0014,-0.0003,100.0,518.67,642.69,1578.91,1396.85,14.62,21.61,554.65,2388.04,9057.43,1.3,47.26,522.6,2388.0,8138.07,8.3907,0.03,393,2388,100.0,38.95,23.4197,185,85,0
48,172,0.0005,0.0002,100.0,518.67,642.02,1595.99,1407.25,14.62,21.61,553.91,2388.03,9098.69,1.3,47.28,521.92,2388.04,8180.34,8.4062,0.03,393,2388,100.0,38.68,23.423,231,59,0
7,182,0.002,0.0001,100.0,518.67,642.8,1587.9,1408.38,14.62,21.61,553.55,2388.07,9063.63,1.3,47.54,521.48,2388.08,8151.06,8.4141,0.03,394,2388,100.0,38.94,23.2421,259,77,0
53,28,0.005,-0.0001,100.0,518.67,642.58,1590.89,1404.78,14.62,21.61,553.79,2388.12,9055.96,1.3,47.37,521.99,2388.06,8143.09,8.4273,0.03,392,2388,100.0,38.84,23.3255,195,167,0
64,273,0.0009,0.0002,100.0,518.67,643.61,1604.23,1427.56,14.62,21.61,552.4,2388.17,9095.13,1.3,48.17,519.66,2388.2,8168.17,8.521,0.03,397,2388,100.0,38.31,23.1182,283,10,1
41,159,-0.0,-0.0003,100.0,518.67,642.61,1593.13,1409.84,14.62,21.61,553.29,2388.02,9082.55,1.3,47.49,521.35,2388.06,8170.65,8.4682,0.03,394,2388,100.0,38.81,23.2689,216,57,0
3,1,0.0008,0.0005,100.0,518.67,642.04,1584.2,1398.13,14.62,21.61,553.96,2388.06,9056.95,1.3,47.14,522.24,2388.0,8138.4,8.4207,0.03,391,2388,100.0,38.96,23.3205,179,178,0
23,18,0.0007,-0.0001,100.0,518.67,642.93,1585.15,1403.05,14.62,21.61,554.53,2388.11,9053.33,1.3,47.47,521.47,2388.09,8129.87,8.4397,0.03,394,2388,100.0,38.8,23.2228,168,150,0
43,180,-0.0003,0.0003,100.0,518.67,643.55,1593.57,1419.86,14.62,21.61,552.95,2388.18,9041.17,1.3,47.71,520.9,2388.2,8123.15,8.4492,0.03,394,2388,100.0,38.55,23.2587,207,27,1
26,39,-0.0049,-0.0003,100.0,518.67,642.56,1590.93,1398.15,14.62,21.61,552.88,2388.11,9055.27,1.3,47.41,521.35,2388.12,8132.76,8.4503,0.03,393,2388,100.0,38.74,23.3291,199,160,0
64,154,0.0026,-0.0003,100.0,518.67,643.2,1586.82,1410.87,14.62,21.61,553.16,2388.11,9058.92,1.3,47.61,521.22,2388.11,8138.74,8.4522,0.03,394,2388,100.0,38.82,23.2755,283,129,0
48,89,0.0004,0.0004,100.0,518.67,641.92,1588.82,1400.71,14.62,21.61,554.55,2388.02,9067.82,1.3,47.2,522.04,2388.01,8151.07,8.4119,0.03,392,2388,100.0,39.01,23.4373,231,142,0
20,215,-0.0037,0.0002,100.0,518.67,643.71,1600.26,1427.83,14.62,21.61,551.37,2388.2,9069.39,1.3,47.95,520.48,2388.2,8143.73,8.5027,0.03,397,2388,100.0,38.42,23.1,234,19,1
80,183,0.0018,-0.0,100.0,518.67,643.49,1603.37,1434.3,14.62,21.61,551.78,2388.12,9152.84,1.3,48.04,519.67,2388.21,8217.46,8.5106,0.03,397,2388,100.0,38.34,22.9337,185,2,1
9,161,0.0006,0.0001,100.0,518.67,642.96,1584.58,1412.27,14.62,21.61,554.44,2388.01,9111.74,1.3,47.44,521.51,2388.01,8189.92,8.4236,0.03,393,2388,100.0,38.76,23.2392,201,40,0
24,73,-0.0013,-0.0005,100.0,518.67,642.76,1585.22,1409.77,14.62,21.61,554.61,2388.04,9058.6,1.3,47.46,521.9,2388.06,8141.55,8.4179,0.03,394,2388,100.0,38.89,23.4315,147,74,0
16,110,0.0001,0.0003,100.0,518.67,642.44,1586.72,1417.56,14.62,21.61,552.25,2388.17,9058.23,1.3,47.57,521.19,2388.13,8135.29,8.4772,0.03,394,2388,100.0,38.59,23.2462,209,99,0
23,162,-0.0041,-0.0004,100.0,518.67,643.22,1603.35,1427.07,14.62,21.61,551.82,2388.22,9063.98,1.3,48.03,519.58,2388.29,8130.19,8.5626,0.03,397,2388,100.0,38.66,23.1499,168,6,1
85,182,-0.0006,-0.0003,100.0,518.67,643.71,1596.88,1427.47,14.62,21.61,551.3,2388.19,9056.46,1.3,48.04,519.94,2388.24,8129.09,8.5229,0.03,396,2388,100.0,38.43,23.0905,188,6,1
5,75,0.0011,-0.0004,100.0,518.67,642.34,1576.87,1395.05,14.62,21.61,554.16,2388.03,9072.57,1.3,47.08,522.12,2387.97,8150.97,8.4485,0.03,390,2388,100.0,38.8,23.3528,269,194,0
81,37,0.0012,0.0005,100.0,518.67,642.26,1582.85,1403.25,14.62,21.61,553.82,2388.09,9056.71,1.3,47.39,521.44,2388.09,8139.11,8.4304,0.03,392,2388,100.0,38.89,23.4186,240,203,0
1,72,-0.0017,0.0001,100.0,518.67,642.41,1579.25,1406.81,14.62,21.61,553.76,2388.07,9054.42,1.3,47.27,521.97,2388.09,8133.95,8.3951,0.03,391,2388,100.0,38.84,23.3085,192,120,0
10,119,0.0006,-0.0001,100.0,518.67,641.95,1582.24,1407.73,14.62,21.61,554.16,2388.05,9062.56,1.3,47.25,522.14,2388.05,8142.47,8.4205,0.03,393,2388,100.0,39.05,23.405,222,103,0
69,14,0.0022,0.0003,100.0,518.67,642.17,1591.26,1402.76,14.62,21.61,553.88,2388.06,9055.95,1.3,47.18,521.53,2388.11,8138.6,8.4368,0.03,392,2388,100.0,38.9,23.3457,362,348,0
93,142,0.0029,0.0004,100.0,518.67,643.26,1597.54,1421.15,14.62,21.61,551.58,2388.14,9062.47,1.3,47.93,520.35,2388.12,8138.23,8.4824,0.03,393,2388,100.0,38.45,23.1465,155,13,1
37,18,0.0003,-0.0004,100.0,518.67,642.52,1595.98,1408.33,14.62,21.61,553.4,2388.04,9047.15,1.3,47.47,521.73,2388.13,8128.47,8.4277,0.03,394,2388,100.0,38.89,23.3713,170,152,0
69,294,0.0005,-0.0002,100.0,518.67,642.83,1590.05,1421.63,14.62,21.61,551.75,2388.18,9055.71,1.3,47.82,520.79,2388.2,8135.49,8.468,0.03,394,2388,100.0,38.47,23.1765,362,68,0
46,59,-0.0003,-0.0002,100.0,518.67,642.26,1593.24,1398.98,14.62,21.61,554.62,2388.05,9059.68,1.3,47.15,522.69,2388.01,8142.08,8.3855,0.03,393,2388,100.0,39.04,23.4432,256,197,0
15,126,-0.0005,-0.0003,100.0,518.67,641.95,1593.68,1401.22,14.62,21.61,553.51,2388.1,9054.76,1.3,47.5,522.23,2388.02,8130.6,8.4258,0.03,394,2388,100.0,38.93,23.2533,207,81,0
84,104,-0.0005,-0.0005,100.0,518.67,643.35,1594.06,1413.67,14.62,21.61,553.2,2388.15,9055.62,1.3,47.56,521.21,2388.17,8132.47,8.4318,0.03,391,2388,100.0,38.83,23.202,267,163,0
48,61,0.0009,0.0002,100.0,518.67,642.01,1586.52,1399.36,14.62,21.61,554.68,2388.03,9068.8,1.3,47.34,522.13,2388.02,8147.89,8.4184,0.03,392,2388,100.0,38.78,23.3682,231,170,0
35,86,0.001,0.0001,100.0,518.67,642.45,1585.11,1404.45,14.62,21.61,553.46,2388.05,9063.81,1.3,47.49,521.42,2388.05,8141.32,8.3904,0.03,393,2388,100.0,38.73,23.288,181,95,0
78,68,0.0021,-0.0,100.0,518.67,642.18,1586.33,1399.83,14.62,21.61,554.25,2388.01,9054.23,1.3,47.14,521.93,2388.02,8139.98,8.3729,0.03,390,2388,100.0,39.16,23.3275,231,163,0
73,56,0.0002,0.0005,100.0,518.67,642.68,1589.58,1414.79,14.62,21.61,552.67,2388.12,9044.03,1.3,47.64,520.95,2388.19,8124.27,8.4592,0.03,392,2388,100.0,38.72,23.3053,213,157,0
27,64,-0.0023,-0.0004,100.0,518.67,642.59,1591.45,1403.31,14.62,21.61,553.92,2388.15,9068.6,1.3,47.55,521.87,2388.05,8146.86,8.4189,0.03,393,2388,100.0,39.07,23.3385,156,92,0
1,175,0.0001,0.0002,100.0,518.67,643.61,1603.29,1422.52,14.62,21.61,551.64,2388.23,9042.66,1.3,47.86,520.38,2388.22,8125.76,8.489,0.03,394,2388,100.0,38.58,23.1573,192,17,1
79,157,-0.001,0.0002,100.0,518.67,643.18,1598.58,1406.43,14.62,21.61,553.46,2388.09,9075.81,1.3,47.67,521.34,2388.1,8151.83,8.4669,0.03,394,2388,100.0,38.83,23.0886,199,42,0
54,112,-0.0036,-0.0003,100.0,518.67,642.27,1587.04,1407.03,14.62,21.61,554.09,2388.02,9069.43,1.3,47.29,521.81,2388.01,8148.76,8.449,0.03,393,2388,100.0,38.98,23.4116,257,145,0
23,104,-0.0013,0.0005,100.0,518.67,643.53,1594.62,1412.36,14.62,21.61,553.36,2388.18,9045.86,1.3,47.67,521.02,2388.11,8131.91,8.4457,0.03,393,2388,100.0,38.66,23.2528,168,64,0
61,24,-0.0015,-0.0005,100.0,518.67,641.85,1577.6,1397.46,14.62,21.61,554.63,2388.0,9066.97,1.3,47.08,522.76,2387.95,8149.13,8.4012,0.03,390,2388,100.0,39.14,23.4993,185,161,0
46,221,-0.0005,-0.0004,100.0,518.67,642.98,1597.19,1418.26,14.62,21.61,552.76,2388.18,9060.67,1.3,47.91,520.54,2388.2,8127.91,8.4929,0.03,394,2388,100.0,38.9,23.2823,256,35,0
17,141,0.0005,-0.0002,100.0,518.67,642.22,1586.76,1402.17,14.62,21.61,554.14,2388.04,9071.91,1.3,47.4,521.9,2388.05,8153.0,8.4158,0.03,391,2388,100.0,38.87,23.439,276,135,0
6,1,-0.0019,0.0003,100.0,518.67,642.73,1584.4,1412.34,14.62,21.61,552.99,2388.12,9037.26,1.3,47.56,521.69,2388.12,8116.86,8.4286,0.03,394,2388,100.0,38.94,23.3086,188,187,0
48,224,-0.0013,0.0001,100.0,518.67,643.36,1606.43,1426.57,14.62,21.61,552.39,2388.07,9202.57,1.3,47.93,521.02,2388.07,8263.32,8.5171,0.03,395,2388,100.0,38.51,23.1291,231,7,1
37,76,0.0038,-0.0002,100.0,518.67,642.79,1591.41,1406.27,14.62,21.61,553.36,2388.13,9043.94,1.3,47.68,521.35,2388.09,8127.71,8.4411,0.03,392,2388,100.0,39.02,23.3288,170,94,0
16,118,-0.002,0.0004,100.0,518.67,642.67,1590.93,1419.59,14.62,21.61,552.65,2388.14,9055.67,1.3,47.6,520.83,2388.13,8129.55,8.4561,0.03,393,2388,100.0,38.63,23.2876,209,91,0
50,68,0.0006,0.0,100.0,518.67,642.52,1585.26,1402.78,14.62,21.61,553.42,2388.08,9057.66,1.3,47.19,521.31,2388.02,8152.22,8.4391,0.03,395,2388,100.0,38.91,23.327,198,130,0
90,123,-0.0043,-0.0003,100.0,518.67,642.45,1592.91,1411.66,14.62,21.61,552.79,2388.11,9051.17,1.3,47.51,520.84,2388.12,8131.69,8.4221,0.03,393,2388,100.0,38.77,23.203,154,31,0
32,137,0.0004,-0.0001,100.0,518.67,642.75,1593.97,1417.69,14.62,21.61,552.83,2388.13,9068.08,1.3,47.7,520.6,2388.17,8134.65,8.4465,0.03,395,2388,100.0,38.73,23.2006,191,54,0
20,165,-0.0001,-0.0002,100.0,518.67,642.64,1601.0,1410.17,14.62,21.61,552.73,2388.17,9065.29,1.3,47.76,520.91,2388.16,8138.59,8.4694,0.03,392,2388,100.0,38.87,23.1233,234,69,0
83,272,-0.0009,0.0003,100.0,518.67,643.33,1604.41,1418.05,14.62,21.61,552.72,2388.24,9051.61,1.3,47.83,520.8,2388.23,8125.19,8.4946,0.03,395,2388,100.0,38.5,23.156,293,21,1
17,176,-0.0007,-0.0002,100.0,518.67,642.18,1586.34,1399.89,14.62,21.61,554.48,2388.02,9075.31,1.3,47.46,521.7,2388.1,8152.45,8.4111,0.03,393,2388,100.0,38.86,23.2551,276,100,0
94,199,0.0015,-0.0004,100.0,518.67,642.6,1601.14,1417.95,14.62,21.61,553.16,2388.15,9077.97,1.3,47.92,521.18,2388.11,8153.57,8.4456,0.03,394,2388,100.0,38.51,23.1574,258,59,0
74,134,-0.0001,-0.0005,100.0,518.67,643.36,1591.59,1416.62,14.62,21.61,553.0,2388.17,9054.09,1.3,47.79,521.46,2388.13,8135.06,8.4355,0.03,395,2388,100.0,38.71,23.157,166,32,0
18,68,-0.0053,-0.0004,100.0,518.67,642.05,1589.56,1400.97,14.62,21.61,554.17,2387.98,9064.48,1.3,47.37,522.23,2388.0,8143.85,8.4359,0.03,392,2388,100.0,39.01,23.4621,195,127,0
52,146,-0.002,-0.0003,100.0,518.67,642.91,1586.34,1411.8,14.62,21.61,552.73,2388.05,9062.84,1.3,47.58,520.79,2388.09,8144.88,8.4286,0.03,394,2388,100.0,38.79,23.3156,213,67,0
92,173,0.0008,0.0002,100.0,518.67,642.53,1584.69,1407.95,14.62,21.61,553.37,2388.01,9060.37,1.3,47.41,521.77,2388.08,8143.27,8.4331,0.03,392,2388,100.0,38.86,23.2531,341,168,0
46,84,-0.0021,-0.0005,100.0,518.67,642.56,1586.77,1397.6,14.62,21.6,553.89,2388.0,9055.0,1.3,47.39,521.86,2388.03,8146.31,8.4105,0.03,390,2388,100.0,39.1,23.297,256,172,0
100,142,-0.0009,-0.0003,100.0,518.67,642.81,1590.02,1410.49,14.62,21.61,552.93,2388.14,9069.61,1.3,47.68,520.76,2388.08,8146.01,8.4382,0.03,395,2388,100.0,38.58,23.3425,200,58,0
85,101,0.0003,-0.0002,100.0,518.67,642.93,1591.15,1397.88,14.62,21.61,553.33,2388.15,9050.73,1.3,47.66,521.54,2388.08,8131.38,8.4342,0.03,394,2388,100.0,39.0,23.2381,188,87,0
79,159,-0.0005,-0.0005,100.0,518.67,642.76,1589.61,1413.13,14.62,21.61,553.31,2388.12,9067.37,1.3,47.59,521.66,2388.1,8152.7,8.4482,0.03,394,2388,100.0,38.91,23.3153,199,40,0
7,204,0.0007,-0.0004,100.0,518.67,642.8,1597.85,1417.15,14.62,21.61,552.96,2388.14,9080.23,1.3,47.59,521.02,2388.14,8150.38,8.5011,0.03,394,2388,100.0,38.65,23.3043,259,55,0
17,169,-0.0045,-0.0002,100.0,518.67,642.67,1584.04,1410.3,14.62,21.61,553.68,2388.1,9072.6,1.3,47.33,522.22,2388.06,8163.92,8.4124,0.03,393,2388,100.0,38.89,23.3404,276,107,0
88,111,0.0025,0.0004,100.0,518.67,642.36,1587.02,1404.18,14.62,21.61,553.09,2388.08,9068.51,1.3,47.51,522.07,2388.02,8146.97,8.4602,0.03,392,2388,100.0,38.95,23.3456,213,102,0
59,159,-0.0005,0.0002,100.0,518.67,642.4,1593.71,1412.32,14.62,21.61,553.58,2388.05,9056.01,1.3,47.45,521.54,2388.11,8139.07,8.4482,0.03,396,2388,100.0,38.91,23.3147,231,72,0
3,41,0.0009,-0.0002,100.0,518.67,642.79,1586.38,1394.92,14.62,21.61,554.68,2388.02,9060.55,1.3,47.32,522.69,2388.07,8143.58,8.3682,0.03,392,2388,100.0,38.99,23.3774,179,138,0
81,139,0.0007,-0.0003,100.0,518.67,642.37,1596.08,1406.09,14.62,21.61,553.22,2388.1,9058.56,1.3,47.62,520.94,2388.12,8145.42,8.4477,0.03,393,2388,100.0,38.74,23.2892,240,101,0
47,15,-0.0005,0.0002,100.0,518.67,642.11,1590.53,1396.66,14.62,21.61,553.46,2387.98,9062.51,1.3,47.24,522.47,2388.02,8144.59,8.3994,0.03,390,2388,100.0,39.03,23.4858,214,199,0
69,257,-0.0022,-0.0001,100.0,518.67,643.26,1589.79,1412.35,14.62,21.61,552.61,2388.16,9053.88,1.3,47.65,521.26,2388.11,8133.35,8.4723,0.03,393,2388,100.0,38.77,23.2221,362,105,0
62,172,-0.001,-0.0003,100.0,518.67,643.78,1601.16,1423.58,14.62,21.61,552.07,2388.31,9049.98,1.3,48.04,519.63,2388.28,8127.36,8.5055,0.03,395,2388,100.0,38.41,23.0184,180,8,1
31,49,-0.0013,-0.0002,100.0,518.67,642.35,1576.11,1398.33,14.62,21.61,554.02,2388.04,9054.19,1.3,47.04,522.54,2387.98,8141.86,8.3911,0.03,394,2388,100.0,39.11,23.4696,234,185,0
84,125,0.0011,-0.0003,100.0,518.67,642.88,1588.75,1407.24,14.62,21.61,552.8,2388.19,9050.83,1.3,47.55,521.31,2388.16,8132.5,8.4496,0.03,393,2388,100.0,38.7,23.3596,267,142,0
84,199,0.0007,-0.0004,100.0,518.67,643.07,1588.47,1416.01,14.62,21.61,552.84,2388.13,9057.11,1.3,47.78,520.39,2388.18,8139.22,8.471,0.03,395,2388,100.0,38.69,23.2694,267,68,0
81,77,0.0035,-0.0001,100.0,518.67,642.8,1584.26,1404.89,14.62,21.61,553.85,2388.06,9053.29,1.3,47.39,521.53,2388.13,8139.15,8.4262,0.03,393,2388,100.0,38.84,23.3357,240,163,0
73,212,-0.0014,-0.0004,100.0,518.67,643.48,1597.82,1430.64,14.62,21.61,550.88,2388.3,9041.38,1.3,48.27,520.17,2388.32,8115.46,8.5205,0.03,396,2388,100.0,38.61,23.0123,213,1,1
52,118,-0.0007,-0.0004,100.0,518.67,642.84,1592.01,1414.54,14.62,21.61,553.31,2388.14,9050.27,1.3,47.78,520.97,2388.13,8135.72,8.4211,0.03,393,2388,100.0,38.76,23.2381,213,95,0
10,110,0.001,0.0001,100.0,518.67,642.12,1579.01,1391.63,14.62,21.61,553.8,2388.02,9064.12,1.3,47.28,522.01,2388.05,8145.31,8.3784,0.03,392,2388,100.0,38.77,23.2628,222,112,0
82,134,0.0023,0.0004,100.0,518.67,643.29,1591.32,1399.0,14.62,21.61,554.0,2388.01,9080.67,1.3,47.41,521.71,2388.02,8161.38,8.402,0.03,394,2388,100.0,38.86,23.3006,214,80,0
28,38,0.0009,-0.0001,100.0,518.67,641.66,1583.68,1398.96,14.62,21.61,554.18,2388.06,9068.32,1.3,47.06,522.41,2387.96,8144.52,8.409,0.03,391,2388,100.0,39.14,23.5379,165,127,0
85,174,0.002,-0.0004,100.0,518.67,643.04,1600.66,1415.58,14.62,21.61,552.07,2388.18,9054.37,1.3,48.03,520.28,2388.29,8128.41,8.52,0.03,395,2388,100.0,38.36,23.0904,188,14,1
17,234,-0.0006,0.0001,100.0,518.67,642.82,1590.95,1417.87,14.62,21.61,552.88,2388.09,9113.78,1.3,47.45,521.15,2388.08,8189.65,8.4235,0.03,395,2388,100.0,38.75,23.1886,276,42,0
69,300,0.0014,-0.0004,100.0,518.67,643.19,1590.34,1423.67,14.62,21.61,552.74,2388.19,9057.01,1.3,47.65,520.55,2388.14,8137.03,8.4638,0.03,395,2388,100.0,38.67,23.2047,362,62,0
67,259,-0.0013,-0.0001,100.0,518.67,643.29,1600.46,1420.21,14.62,21.61,552.64,2388.16,9077.54,1.3,47.7,520.94,2388.15,8142.48,8.4572,0.03,395,2388,100.0,38.56,23.1598,313,54,0
45,121,0.0012,-0.0,100.0,518.67,642.58,1585.67,1410.42,14.62,21.61,552.3,2388.07,9080.91,1.3,47.48,521.55,2388.07,8161.53,8.4685,0.03,393,2388,100.0,38.94,23.2883,158,37,0
43,67,-0.0011,-0.0001,100.0,518.67,642.02,1582.15,1396.13,14.62,21.61,554.81,2388.05,9042.97,1.3,47.34,521.13,2388.05,8138.62,8.3913,0.03,392,2388,100.0,39.04,23.3747,207,140,0
29,52,0.0028,0.0001,100.0,518.67,642.25,1585.94,1405.53,14.62,21.61,553.01,2388.12,9058.0,1.3,47.39,521.98,2388.06,8143.98,8.4326,0.03,392,2388,100.0,38.78,23.371,163,111,0
90,31,-0.0035,0.0001,100.0,518.67,642.61,1589.73,1396.23,14.62,21.61,553.6,2388.02,9055.07,1.3,47.1,522.48,2387.97,8137.21,8.4006,0.03,390,2388,100.0,39.11,23.4237,154,123,0
72,188,0.0011,-0.0002,100.0,518.67,643.24,1601.17,1414.33,14.62,21.61,552.04,2388.28,9035.27,1.3,47.85,520.2,2388.23,8112.78,8.4784,0.03,396,2388,100.0,38.73,23.1722,213,25,1
10,89,0.0001,0.0005,100.0,518.67,641.38,1590.93,1390.62,14.62,21.61,554.48,2388.05,9063.21,1.3,47.38,522.2,2388.04,8135.79,8.4068,0.03,391,2388,100.0,38.97,23.3878,222,133,0
83,176,-0.0012,0.0001,100.0,518.67,641.84,1581.93,1400.65,14.62,21.61,554.24,2388.06,9056.6,1.3,47.57,522.06,2388.06,8138.2,8.4666,0.03,391,2388,100.0,38.98,23.4154,293,117,0
1,145,-0.0004,-0.0001,100.0,518.67,642.95,1594.92,1409.63,14.62,21.61,553.03,2388.13,9046.92,1.3,47.54,521.13,2388.15,8130.91,8.4644,0.03,395,2388,100.0,38.67,23.149,192,47,0
90,54,-0.0009,0.0002,100.0,518.67,642.54,1589.29,1399.51,14.62,21.61,554.05,2387.99,9049.19,1.3,47.32,522.75,2387.99,8138.39,8.3984,0.03,392,2388,100.0,38.89,23.52,154,100,0
53,11,-0.0018,-0.0005,100.0,518.67,642.22,1583.8,1403.49,14.62,21.61,554.0,2388.02,9064.52,1.3,47.15,522.08,2388.05,8139.59,8.3929,0.03,391,2388,100.0,38.77,23.3473,195,184,0
86,88,-0.0008,0.0001,100.0,518.67,642.3,1583.97,1405.39,14.62,21.61,553.41,2388.09,9057.02,1.3,47.6,521.89,2388.1,8139.92,8.4655,0.03,394,2388,100.0,38.78,23.3478,278,190,0
85,91,-0.0013,-0.0004,100.0,518.67,642.35,1594.29,1406.98,14.62,21.61,553.74,2388.08,9053.23,1.3,47.42,521.68,2388.07,8130.4,8.4706,0.03,392,2388,100.0,38.87,23.3029,188,97,0
67,57,0.0005,-0.0002,100.0,518.67,642.22,1586.82,1402.28,14.62,21.61,553.2,2388.07,9069.0,1.3,47.22,521.75,2388.04,8147.13,8.4153,0.03,392,2388,100.0,38.91,23.2453,313,256,0
76,79,-0.003,0.0001,100.0,518.67,642.59,1594.75,1416.18,14.62,21.61,552.16,2388.14,9063.12,1.3,47.65,521.54,2388.11,8132.08,8.4303,0.03,394,2388,100.0,38.78,23.3279,210,131,0
98,151,-0.0031,-0.0001,100.0,518.67,643.49,1605.44,1430.65,14.62,21.61,551.49,2388.21,9059.86,1.3,47.98,520.0,2388.27,8130.39,8.4897,0.03,396,2388,100.0,38.53,23.13,156,5,1
87,2,-0.0004,-0.0005,100.0,518.67,642.43,1587.74,1411.71,14.62,21.61,553.91,2388.03,9065.16,1.3,47.44,521.81,2388.03,8141.4,8.4433,0.03,393,2388,100.0,38.94,23.3576,178,176,0
27,121,-0.0004,-0.0001,100.0,518.67,642.67,1596.07,1411.54,14.62,21.61,553.52,2388.07,9087.76,1.3,47.73,521.19,2388.11,8162.94,8.4937,0.03,395,2388,100.0,38.81,23.2751,156,35,0
94,154,0.0003,-0.0001,100.0,518.67,642.44,1591.63,1418.53,14.62,21.61,553.09,2388.15,9061.51,1.3,47.54,520.93,2388.2,8137.7,8.4744,0.03,394,2388,100.0,38.53,23.2545,258,104,0
49,162,-0.004,-0.0005,100.0,518.67,643.02,1594.63,1420.69,14.62,21.61,552.44,2388.2,9047.74,1.3,47.85,521.1,2388.12,8128.47,8.5198,0.03,395,2388,100.0,38.6,23.2265,215,53,0
94,42,0.0014,0.0003,100.0,518.67,642.64,1585.88,1411.35,14.62,21.61,552.42,2388.07,9041.86,1.3,47.65,520.97,2388.12,8128.96,8.4429,0.03,392,2388,100.0,38.82,23.1934,258,216,0
45,62,0.0014,0.0004,100.0,518.67,642.66,1591.98,1399.12,14.62,21.61,554.09,2388.04,9069.02,1.3,47.31,522.0,2388.0,8155.37,8.4062,0.03,391,2388,100.0,38.82,23.3384,158,96,0
93,51,-0.0023,0.0002,100.0,518.67,642.24,1583.89,1400.62,14.62,21.61,554.21,2388.03,9070.23,1.3,47.25,521.82,2388.04,8152.68,8.3968,0.03,392,2388,100.0,38.92,23.3083,155,104,0
81,136,0.0018,-0.0001,100.0,518.67,642.73,1589.5,1415.36,14.62,21.61,552.87,2388.1,9057.76,1.3,47.49,521.85,2388.12,8135.57,8.4417,0.03,395,2388,100.0,38.74,23.2573,240,104,0
58,113,-0.0016,-0.0003,100.0,518.67,642.97,1595.27,1415.56,14.62,21.61,552.93,2388.13,9065.61,1.3,47.6,521.33,2388.19,8135.38,8.4642,0.03,394,2388,100.0,38.76,23.1989,147,34,0
52,160,0.0018,-0.0,100.0,518.67,642.83,1595.43,1416.51,14.62,21.61,552.86,2388.16,9068.6,1.3,47.81,521.13,2388.18,8140.08,8.4704,0.03,394,2388,100.0,38.68,23.1648,213,53,0
87,38,-0.0027,0.0002,100.0,518.67,642.63,1595.81,1399.22,14.62,21.61,553.92,2388.06,9062.02,1.3,47.45,522.24,2388.05,8143.68,8.4481,0.03,394,2388,100.0,38.9,23.3222,178,140,0
78,203,0.0012,-0.0001,100.0,518.67,643.26,1584.91,1421.67,14.62,21.61,552.04,2388.14,9079.97,1.3,47.58,520.73,2388.11,8153.34,8.5048,0.03,393,2388,100.0,38.65,23.2952,231,28,1
100,156,0.0018,-0.0004,100.0,518.67,643.04,1592.9,1413.23,14.62,21.61,552.58,2388.12,9062.58,1.3,47.8,520.44,2388.14,8134.58,8.4768,0.03,392,2388,100.0,38.55,23.2019,200,44,0
97,185,0.0015,-0.0002,100.0,518.67,642.58,1591.57,1417.87,14.62,21.61,552.95,2388.13,9143.42,1.3,47.89,520.71,2388.09,8220.18,8.4756,0.03,395,2388,100.0,38.63,23.1792,202,17,1
19,127,0.001,0.0,100.0,518.67,643.25,1596.18,1419.81,14.62,21.61,552.68,2388.19,9048.67,1.3,48.0,520.57,2388.19,8126.59,8.4791,0.03,393,2388,100.0,38.62,23.2953,158,31,0
96,205,0.0005,0.0002,100.0,518.67,642.72,1592.6,1408.81,14.62,21.61,553.95,2388.1,9049.67,1.3,47.41,521.5,2388.16,8135.51,8.4346,0.03,393,2388,100.0,38.76,23.2738,336,131,0
39,115,-0.0006,0.0001,100.0,518.67,643.66,1601.05,1422.15,14.62,21.61,551.25,2388.2,9034.82,1.3,48.06,520.29,2388.26,8113.17,8.5289,0.03,393,2388,100.0,38.59,23.1344,128,13,1
74,15,0.0007,0.0003,100.0,518.67,641.79,1588.95,1405.96,14.62,21.61,554.19,2388.02,9060.94,1.3,47.26,521.94,2387.98,8147.68,8.4642,0.03,393,2388,100.0,38.94,23.4213,166,151,0
70,130,-0.002,0.0003,100.0,518.67,643.98,1599.26,1421.86,14.62,21.61,551.98,2388.22,9092.65,1.3,48.03,519.84,2388.23,8164.48,8.4962,0.03,397,2388,100.0,38.5,23.028,137,7,1
53,99,-0.0013,-0.0004,100.0,518.67,642.77,1588.04,1417.45,14.62,21.61,553.14,2388.0,9068.82,1.3,47.55,521.68,2388.04,8150.14,8.4157,0.03,393,2388,100.0,38.99,23.2926,195,96,0
12,165,0.0034,0.0001,100.0,518.67,643.76,1597.89,1425.13,14.62,21.61,552.4,2388.28,9051.42,1.3,48.21,520.11,2388.25,8122.72,8.487,0.03,396,2388,100.0,38.42,23.0516,170,5,1
57,120,0.0018,-0.0001,100.0,518.67,643.39,1600.21,1419.3,14.62,21.61,552.95,2388.29,9040.99,1.3,47.62,520.17,2388.22,8117.34,8.4742,0.03,395,2388,100.0,38.48,23.1435,137,17,1
82,57,0.0024,0.0001,100.0,518.67,642.16,1586.27,1399.24,14.62,21.61,554.66,2387.99,9060.59,1.3,47.26,522.35,2388.07,8145.74,8.3866,0.03,392,2388,100.0,38.99,23.4192,214,157,0
51,111,-0.0035,0.0002,100.0,518.67,642.75,1588.95,1400.1,14.62,21.61,553.52,2387.98,9071.97,1.3,47.23,522.29,2388.03,8152.03,8.417,0.03,390,2388,100.0,39.09,23.5288,213,102,0
50,117,0.0019,-0.0006,100.0,518.67,642.46,1595.36,1405.92,14.62,21.61,553.18,2388.1,9067.25,1.3,47.6,521.34,2388.12,8144.56,8.4447,0.03,394,2388,100.0,38.57,23.2391,198,81,0
84,37,0.0012,-0.0001,100.0,518.67,642.73,1588.45,1407.21,14.62,21.61,553.36,2388.16,9042.78,1.3,47.39,521.47,2388.12,8129.79,8.4385,0.03,394,2388,100.0,38.68,23.2483,267,230,0
66,99,-0.0019,-0.0003,100.0,518.67,642.92,1593.69,1419.54,14.62,21.61,552.34,2388.16,9063.38,1.3,47.91,521.12,2388.17,8139.16,8.453,0.03,394,2388,100.0,38.57,23.2433,202,103,0
67,258,-0.0007,0.0005,100.0,518.67,643.12,1592.89,1418.95,14.62,21.61,552.1,2388.16,9069.71,1.3,47.73,520.46,2388.19,8146.95,8.4895,0.03,394,2388,100.0,38.77,23.1184,313,55,0
55,118,-0.002,0.0001,100.0,518.67,642.92,1581.42,1409.37,14.62,21.61,553.85,2388.13,9070.13,1.3,47.52,521.41,2388.09,8147.61,8.4185,0.03,393,2388,100.0,38.88,23.2728,193,75,0
7,8,-0.0007,-0.0005,100.0,518.67,642.41,1586.97,1401.42,14.62,21.61,554.05,2388.01,9064.8,1.3,47.19,522.26,2388.08,8146.34,8.402,0.03,392,2388,100.0,38.95,23.381,259,251,0
87,70,-0.0011,-0.0003,100.0,518.67,641.95,1584.95,1405.51,14.62,21.61,554.06,2388.1,9066.05,1.3,47.56,521.83,2388.05,8139.69,8.3978,0.03,395,2388,100.0,38.72,23.2847,178,108,0
64,168,-0.0011,-0.0003,100.0,518.67,642.62,1593.63,1410.15,14.62,21.61,552.93,2388.06,9056.26,1.3,47.56,521.44,2388.11,8141.49,8.4305,0.03,394,2388,100.0,38.86,23.2706,283,115,0
64,234,-0.0002,0.0001,100.0,518.67,643.56,1598.08,1418.91,14.62,21.61,552.53,2388.08,9078.69,1.3,47.85,520.09,2388.16,8154.78,8.4765,0.03,394,2388,100.0,38.62,23.2753,283,49,0
22,149,-0.0041,-0.0,100.0,518.67,643.25,1599.02,1422.33,14.62,21.61,552.34,2388.17,9040.59,1.3,47.96,520.97,2388.2,8123.81,8.4577,0.03,395,2388,100.0,38.7,23.1192,202,53,0
89,16,0.0018,0.0003,100.0,518.67,642.19,1589.27,1404.25,14.62,21.61,553.95,2388.03,9050.58,1.3,47.15,522.27,2388.05,8128.62,8.398,0.03,390,2388,100.0,38.97,23.43,217,201,0
62,116,-0.0018,-0.0002,100.0,518.67,643.27,1591.83,1416.79,14.62,21.61,553.07,2388.18,9054.67,1.3,47.67,520.92,2388.09,8126.22,8.439,0.03,395,2388,100.0,38.72,23.2497,180,64,0
52,208,0.0018,0.0004,100.0,518.67,643.66,1603.87,1423.12,14.62,21.61,552.23,2388.19,9107.39,1.3,48.03,520.35,2388.17,8179.97,8.5365,0.03,396,2388,100.0,38.52,23.1414,213,5,1
97,122,0.001,0.0001,100.0,518.67,642.32,1584.35,1411.14,14.62,21.61,554.26,2388.01,9067.16,1.3,47.41,522.02,2388.0,8145.48,8.4052,0.03,393,2388,100.0,38.81,23.3141,202,80,0
34,27,-0.0005,-0.0001,100.0,518.67,642.68,1590.23,1409.37,14.62,21.61,554.33,2388.08,9058.08,1.3,47.66,521.7,2388.02,8138.23,8.4129,0.03,394,2388,100.0,38.98,23.358,195,168,0
72,20,0.0014,-0.0004,100.0,518.67,642.5,1584.24,1406.74,14.62,21.61,553.94,2388.11,9039.54,1.3,47.36,521.94,2388.06,8123.21,8.4223,0.03,392,2388,100.0,38.88,23.4481,213,193,0
46,29,0.0009,-0.0,100.0,518.67,642.19,1577.07,1398.68,14.62,21.61,554.35,2388.02,9059.82,1.3,47.13,521.76,2388.03,8144.92,8.4077,0.03,392,2388,100.0,39.13,23.485,256,227,0
67,100,-0.0023,0.0,100.0,518.67,642.6,1586.95,1404.07,14.62,21.61,554.35,2388.05,9068.84,1.3,47.36,521.89,2388.07,8146.23,8.4665,0.03,392,2388,100.0,38.91,23.3637,313,213,0
40,92,-0.0034,-0.0001,100.0,518.67,643.02,1592.39,1414.66,14.62,21.61,553.01,2388.11,9066.73,1.3,47.53,520.61,2388.13,8143.06,8.4619,0.03,395,2388,100.0,38.75,23.2744,188,96,0
6,144,-0.0001,-0.0005,100.0,518.67,643.15,1595.07,1415.58,14.62,21.61,552.47,2388.25,9033.21,1.3,47.93,520.94,2388.16,8116.37,8.5124,0.03,396,2388,100.0,38.5,23.1998,188,44,0
8,70,0.0027,-0.0003,100.0,518.67,643.09,1598.38,1409.85,14.62,21.61,553.02,2388.14,9038.74,1.3,47.59,520.88,2388.12,8122.58,8.4531,0.03,394,2388,100.0,38.68,23.2438,150,80,0
99,71,-0.0001,0.0001,100.0,518.67,642.21,1588.34,1405.04,14.62,21.61,554.41,2388.04,9058.36,1.3,47.44,521.66,2388.03,8130.53,8.4073,0.03,392,2388,100.0,39.11,23.4205,185,114,0
51,99,-0.0002,0.0,100.0,518.67,641.83,1584.9,1404.52,14.62,21.61,553.9,2387.98,9075.25,1.3,47.37,521.89,2388.0,8158.96,8.381,0.03,389,2388,100.0,38.9,23.3256,213,114,0
7,213,0.0008,-0.0001,100.0,518.67,642.51,1599.51,1414.91,14.62,21.61,553.05,2388.12,9068.6,1.3,47.96,521.05,2388.11,8147.45,8.4807,0.03,395,2388,100.0,38.56,23.1737,259,46,0
92,132,-0.0015,-0.0003,100.0,518.67,642.6,1586.53,1402.05,14.62,21.61,553.67,2388.07,9055.48,1.3,47.32,522.27,2388.06,8140.36,8.4306,0.03,395,2388,100.0,39.1,23.2822,341,209,0
8,108,-0.0022,0.0003,100.0,518.67,642.82,1590.36,1422.19,14.62,21.61,552.51,2388.2,9037.13,1.3,47.79,520.9,2388.16,8129.4,8.4884,0.03,394,2388,100.0,38.74,23.326,150,42,0
51,1,0.0032,-0.0003,100.0,518.67,641.83,1583.55,1408.68,14.62,21.61,553.56,2387.98,9065.98,1.3,47.25,521.79,2387.99,8149.56,8.3884,0.03,391,2388,100.0,39.08,23.3214,213,212,0
15,65,-0.0037,0.0003,100.0,518.67,642.44,1591.69,1397.08,14.62,21.61,554.48,2388.04,9057.69,1.3,47.37,522.11,2387.98,8141.57,8.3409,0.03,391,2388,100.0,38.95,23.3545,207,142,0
87,98,-0.0041,-0.0003,100.0,518.67,642.91,1586.47,1413.36,14.62,21.61,552.72,2388.09,9068.52,1.3,47.4,521.63,2388.13,8144.73,8.4039,0.03,395,2388,100.0,38.86,23.3759,178,80,0
53,81,-0.0033,-0.0001,100.0,518.67,642.29,1592.86,1409.75,14.62,21.61,553.93,2388.02,9061.7,1.3,47.44,521.6,2388.05,8142.92,8.4018,0.03,393,2388,100.0,38.9,23.279,195,114,0
33,7,-0.0042,0.0004,100.0,518.67,641.96,1581.63,1401.66,14.62,21.6,553.82,2388.0,9063.57,1.3,47.02,522.13,2388.01,8142.59,8.3696,0.03,392,2388,100.0,38.87,23.4763,200,193,0
8,23,0.0002,0.0002,100.0,518.67,643.08,1585.98,1415.98,14.62,21.61,553.14,2388.18,9035.26,1.3,47.54,521.28,2388.08,8120.95,8.4517,0.03,392,2388,100.0,38.87,23.1853,150,127,0
94,123,-0.0003,-0.0001,100.0,518.67,642.41,1591.15,1416.14,14.62,21.61,552.88,2388.16,9056.3,1.3,47.51,521.09,2388.1,8135.95,8.4127,0.03,392,2388,100.0,38.93,23.2002,258,135,0
5,53,0.0008,0.0001,100.0,518.67,642.2,1582.71,1393.24,14.62,21.61,554.25,2388.03,9077.51,1.3,47.2,522.72,2388.03,8156.34,8.3814,0.03,392,2388,100.0,38.86,23.5408,269,216,0
26,171,-0.0021,0.0003,100.0,518.67,643.21,1600.87,1414.91,14.62,21.61,552.75,2388.15,9105.28,1.3,48.09,520.57,2388.12,8171.66,8.4872,0.03,396,2388,100.0,38.63,23.2545,199,28,1
66,90,0.0019,0.0004,100.0,518.67,642.96,1595.04,1414.86,14.62,21.61,553.25,2388.11,9058.6,1.3,47.64,521.32,2388.11,8136.63,8.4287,0.03,394,2388,100.0,38.72,23.2608,202,112,0
15,57,-0.001,-0.0002,100.0,518.67,642.11,1587.81,1393.48,14.62,21.61,554.95,2388.01,9061.19,1.3,47.23,522.17,2387.99,8142.56,8.3816,0.03,392,2388,100.0,39.08,23.4629,207,150,0
53,4,-0.0007,0.0003,100.0,518.67,642.52,1584.19,1402.41,14.62,21.61,553.77,2388.07,9063.3,1.3,47.34,521.6,2388.06,8138.48,8.4328,0.03,392,2388,100.0,38.86,23.427,195,191,0
75,204,0.001,-0.0,100.0,518.67,643.58,1595.64,1427.97,14.62,21.61,551.73,2388.24,9034.63,1.3,48.08,520.14,2388.25,8113.17,8.4977,0.03,395,2388,100.0,38.41,23.0632,229,25,1
81,64,0.0018,0.0002,100.0,518.67,642.78,1590.52,1406.75,14.62,21.61,553.77,2388.08,9064.18,1.3,47.49,521.86,2388.07,8136.28,8.4441,0.03,394,2388,100.0,38.97,23.2478,240,176,0
19,154,0.0051,0.0003,100.0,518.67,643.99,1600.85,1426.73,14.62,21.61,551.33,2388.27,9042.01,1.3,48.14,519.8,2388.29,8117.7,8.5145,0.03,397,2388,100.0,38.55,23.047,158,4,1
52,167,-0.0007,0.0001,100.0,518.67,643.02,1588.04,1416.78,14.62,21.61,552.15,2388.19,9070.41,1.3,47.73,520.89,2388.15,8141.2,8.4487,0.03,393,2388,100.0,38.94,23.2748,213,46,0
56,174,-0.0021,-0.0003,100.0,518.67,642.63,1590.38,1416.95,14.62,21.61,552.75,2388.1,9076.64,1.3,47.66,521.25,2388.11,8145.91,8.4507,0.03,395,2388,100.0,38.68,23.2352,275,101,0
71,63,-0.0024,-0.0002,100.0,518.67,642.25,1585.34,1407.07,14.62,21.61,553.93,2388.13,9051.15,1.3,47.68,521.34,2388.1,8131.08,8.4522,0.03,393,2388,100.0,38.89,23.2812,208,145,0
66,106,-0.0,-0.0004,100.0,518.67,642.73,1591.57,1407.56,14.62,21.61,552.49,2388.13,9067.69,1.3,47.82,521.37,2388.1,8132.07,8.4583,0.03,396,2388,100.0,38.79,23.1354,202,96,0
38,89,-0.0027,-0.0002,100.0,518.67,642.43,1589.96,1406.46,14.62,21.61,553.2,2388.12,9047.94,1.3,47.61,521.46,2388.11,8124.19,8.4655,0.03,393,2388,100.0,38.84,23.2803,194,105,0
93,20,-0.0029,-0.0002,100.0,518.67,642.04,1587.41,1400.46,14.62,21.61,554.37,2388.06,9062.78,1.3,47.32,522.25,2388.01,8143.85,8.4121,0.03,392,2388,100.0,38.88,23.3637,155,135,0
73,12,0.0041,0.0002,100.0,518.67,642.55,1586.23,1402.49,14.62,21.61,553.5,2388.13,9045.61,1.3,47.67,521.16,2388.17,8123.72,8.4598,0.03,393,2388,100.0,38.87,23.2067,213,201,0
22,21,-0.0014,0.0,100.0,518.67,642.56,1593.16,1409.59,14.62,21.61,553.37,2388.12,9044.41,1.3,47.68,520.71,2388.14,8123.6,8.4246,0.03,393,2388,100.0,38.84,23.2658,202,181,0
95,118,0.0013,-0.0005,100.0,518.67,642.59,1583.32,1392.45,14.62,21.61,554.26,2387.97,9066.59,1.3,47.2,522.2,2388.05,8150.12,8.4147,0.03,390,2388,100.0,39.1,23.4153,283,165,0
90,17,0.0015,0.0005,100.0,518.67,642.5,1584.17,1395.63,14.62,21.61,554.45,2388.03,9055.67,1.3,47.11,522.11,2388.01,8137.73,8.4297,0.03,390,2388,100.0,39.11,23.4676,154,137,0
39,28,-0.0001,-0.0004,100.0,518.67,642.54,1595.34,1408.73,14.62,21.61,553.5,2388.11,9042.99,1.3,47.42,521.58,2388.12,8127.75,8.3966,0.03,395,2388,100.0,38.85,23.1975,128,100,0
14,47,-0.0006,-0.0001,100.0,518.67,642.36,1587.09,1407.12,14.62,21.61,552.85,2388.14,9063.61,1.3,47.41,521.16,2388.11,8144.15,8.4292,0.03,392,2388,100.0,38.96,23.23,180,133,0
33,172,0.0009,-0.0005,100.0,518.67,643.43,1593.87,1418.88,14.62,21.61,552.75,2388.16,9055.75,1.3,47.71,520.82,2388.1,8132.37,8.4493,0.03,393,2388,100.0,38.83,23.18,200,28,1
51,197,0.0037,0.0001,100.0,518.67,642.83,1597.94,1418.42,14.62,21.61,552.71,2388.12,9179.12,1.3,47.66,521.17,2388.04,8236.36,8.4965,0.03,395,2388,100.0,38.96,23.1683,213,16,1
32,184,0.002,-0.0002,100.0,518.67,643.77,1592.4,1429.07,14.62,21.61,551.39,2388.21,9089.39,1.3,48.3,520.37,2388.23,8156.38,8.474,0.03,395,2388,100.0,38.47,23.2104,191,7,1
47,195,0.0058,0.0002,100.0,518.67,643.19,1599.61,1422.83,14.62,21.61,553.11,2388.12,9101.84,1.3,47.77,520.73,2388.06,8165.6,8.4709,0.03,393,2388,100.0,38.77,23.0628,214,19,1
31,69,-0.0022,0.0005,100.0,518.67,642.15,1589.08,1402.87,14.62,21.61,554.78,2388.04,9048.6,1.3,47.28,522.33,2388.04,8137.07,8.3597,0.03,391,2388,100.0,39.08,23.462,234,165,0
92,318,0.0014,-0.0002,100.0,518.67,643.61,1599.34,1424.57,14.62,21.61,552.22,2388.16,9115.23,1.3,48.02,520.6,2388.16,8184.48,8.498,0.03,395,2388,100.0,38.5,23.0729,341,23,1
67,262,0.0003,-0.0002,100.0,518.67,643.62,1599.98,1418.85,14.62,21.61,552.49,2388.15,9075.3,1.3,47.97,520.71,2388.12,8144.61,8.4961,0.03,395,2388,100.0,38.58,23.2283,313,51,0
81,181,-0.0008,-0.0004,100.0,518.67,643.12,1596.17,1411.43,14.62,21.61,552.76,2388.13,9055.55,1.3,47.64,520.08,2388.19,8136.21,8.4312,0.03,395,2388,100.0,38.65,23.237,240,59,0
86,267,0.0016,-0.0004,100.0,518.67,643.22,1599.65,1426.99,14.62,21.61,552.14,2388.21,9079.52,1.3,48.18,519.98,2388.18,8145.98,8.4934,0.03,395,2388,100.0,38.46,23.0526,278,11,1
15,85,-0.0001,-0.0002,100.0,518.67,642.12,1578.89,1394.12,14.62,21.61,554.02,2388.01,9053.48,1.3,47.26,522.16,2388.01,8142.01,8.4396,0.03,391,2388,100.0,39.17,23.4975,207,122,0
25,45,0.0033,0.0003,100.0,518.67,642.81,1584.99,1408.14,14.62,21.61,553.23,2388.12,9045.09,1.3,47.48,521.72,2388.13,8126.84,8.4262,0.03,394,2388,100.0,38.83,23.3319,230,185,0
94,69,-0.0007,-0.0,100.0,518.67,642.29,1593.89,1408.83,14.62,21.61,553.75,2388.14,9043.27,1.3,47.47,521.56,2388.12,8128.88,8.4374,0.03,392,2388,100.0,38.92,23.3088,258,189,0
75,130,0.0019,-0.0004,100.0,518.67,642.6,1598.63,1414.38,14.62,21.61,552.66,2388.2,9033.68,1.3,47.72,521.25,2388.19,8120.92,8.4864,0.03,395,2388,100.0,38.8,23.3025,229,99,0
98,65,0.0008,-0.0003,100.0,518.67,642.6,1580.89,1401.02,14.62,21.61,554.45,2388.0,9068.84,1.3,47.31,522.25,2388.03,8151.2,8.4361,0.03,392,2388,100.0,38.84,23.3786,156,91,0
74,83,-0.0017,0.0001,100.0,518.67,642.26,1583.83,1402.6,14.62,21.61,553.96,2388.02,9071.12,1.3,47.3,522.12,2388.06,8148.92,8.4278,0.03,393,2388,100.0,39.06,23.1741,166,83,0
40,100,0.0029,-0.0001,100.0,518.67,642.61,1592.13,1410.7,14.62,21.61,552.92,2388.15,9069.26,1.3,47.86,521.23,2388.14,8142.5,8.4719,0.03,393,2388,100.0,38.6,23.1742,188,88,0
13,87,0.0007,0.0003,100.0,518.67,642.93,1590.9,1412.87,14.62,21.61,552.76,2388.14,9066.14,1.3,47.63,520.66,2388.11,8139.76,8.4561,0.03,393,2388,100.0,38.71,23.3149,163,76,0
76,194,-0.0022,0.0005,100.0,518.67,643.7,1599.47,1423.71,14.62,21.61,551.54,2388.24,9055.77,1.3,47.94,520.05,2388.24,8128.47,8.4769,0.03,395,2388,100.0,38.55,23.1784,210,16,1
13,49,-0.0027,-0.0004,100.0,518.67,642.91,1584.16,1409.84,14.62,21.61,553.06,2388.1,9062.76,1.3,47.65,521.3,2388.14,8139.96,8.4155,0.03,395,2388,100.0,38.65,23.2812,163,114,0
50,181,0.0003,-0.0001,100.0,518.67,643.35,1598.91,1428.34,14.62,21.61,552.14,2388.15,9106.13,1.3,47.88,519.87,2388.16,8177.14,8.5075,0.03,396,2388,100.0,38.59,23.0827,198,17,1
10,91,0.0005,-0.0001,100.0,518.67,642.52,1586.78,1400.69,14.62,21.61,554.7,2388.08,9060.54,1.3,47.34,521.86,2387.99,8137.61,8.3872,0.03,391,2388,100.0,38.87,23.482,222,131,0
83,99,0.0011,-0.0002,100.0,518.67,641.89,1579.71,1390.67,14.62,21.61,554.24,2387.99,9058.4,1.3,47.21,523.25,2387.99,8145.53,8.4141,0.03,391,2388,100.0,39.01,23.4622,293,194,0
7,4,-0.002,0.0001,100.0,518.67,642.31,1585.59,1397.85,14.62,21.61,553.3,2388.06,9068.16,1.3,47.07,522.09,2388.06,8150.3,8.4175,0.03,392,2388,100.0,39.12,23.4616,259,255,0
35,48,-0.0012,-0.0003,100.0,518.67,642.63,1579.64,1409.17,14.62,21.61,553.86,2388.04,9069.85,1.3,47.6,521.94,2388.04,8138.75,8.4168,0.03,393,2388,100.0,38.98,23.3039,181,133,0
58,1,-0.0015,0.0003,100.0,518.67,642.71,1587.27,1405.1,14.62,21.61,553.55,2387.99,9063.94,1.3,47.4,521.98,2388.0,8145.98,8.3982,0.03,391,2388,100.0,39.03,23.4821,147,146,0
94,1,0.0014,-0.0001,100.0,518.67,642.44,1590.79,1412.71,14.62,21.61,554.09,2388.11,9050.18,1.3,47.6,521.1,2388.13,8120.76,8.431,0.03,393,2388,100.0,38.82,23.3856,258,257,0
65,125,0.001,0.0002,100.0,518.67,642.85,1587.6,1408.54,14.62,21.61,553.82,2388.13,9059.11,1.3,47.64,520.88,2388.15,8128.56,8.4727,0.03,395,2388,100.0,38.64,23.2334,153,28,1
84,202,-0.0014,-0.0,100.0,518.67,642.57,1600.08,1415.72,14.62,21.61,552.95,2388.17,9056.91,1.3,47.76,520.75,2388.18,8135.74,8.491,0.03,394,2388,100.0,38.46,23.0945,267,65,0
83,220,-0.0031,0.0003,100.0,518.67,643.23,1598.3,1406.62,14.62,21.61,553.25,2388.11,9057.51,1.3,47.3,521.36,2388.11,8139.84,8.4032,0.03,393,2388,100.0,39.02,23.3533,293,73,0
18,123,-0.0019,-0.0002,100.0,518.67,642.57,1582.27,1394.88,14.62,21.61,554.33,2388.02,9079.59,1.3,47.37,522.52,2388.0,8156.98,8.4051,0.03,391,2388,100.0,38.92,23.3722,195,72,0
40,170,-0.0027,0.0004,100.0,518.67,643.29,1599.9,1422.47,14.62,21.61,552.12,2388.13,9110.13,1.3,47.89,520.19,2388.22,8178.88,8.476,0.03,395,2388,100.0,38.52,23.1798,188,18,1
38,24,-0.0005,-0.0,100.0,518.67,642.39,1586.82,1409.61,14.62,21.61,553.22,2388.15,9047.66,1.3,47.5,521.62,2388.13,8126.7,8.4447,0.03,392,2388,100.0,38.88,23.2764,194,170,0
39,86,0.0022,-0.0003,100.0,518.67,643.43,1596.16,1413.98,14.62,21.61,553.15,2388.2,9040.66,1.3,47.74,520.92,2388.17,8124.73,8.4465,0.03,394,2388,100.0,38.65,23.2529,128,42,0
76,69,0.0012,0.0,100.0,518.67,642.44,1589.48,1412.9,14.62,21.61,553.84,2388.14,9058.06,1.3,47.69,521.46,2388.06,8135.09,8.3935,0.03,392,2388,100.0,38.75,23.3611,210,141,0
2,261,-0.0009,0.0003,100.0,518.67,643.69,1594.0,1419.92,14.62,21.61,552.31,2388.09,9086.97,1.3,48.03,519.98,2388.13,8157.24,8.4775,0.03,393,2388,100.0,38.58,23.1426,287,26,1
29,34,-0.0014,-0.0003,100.0,518.67,642.04,1584.55,1399.59,14.62,21.61,553.88,2388.01,9064.43,1.3,47.41,521.4,2388.06,8144.93,8.4102,0.03,394,2388,100.0,39.11,23.4038,163,129,0
94,2,-0.0023,-0.0,100.0,518.67,642.73,1594.18,1404.4,14.62,21.61,554.05,2388.13,9046.86,1.3,47.46,521.43,2388.11,8126.19,8.426,0.03,393,2388,100.0,38.8,23.3724,258,256,0
65,36,0.0005,-0.0004,100.0,518.67,642.36,1586.9,1393.82,14.62,21.61,553.46,2388.01,9063.84,1.3,47.41,521.89,2388.03,8139.46,8.3766,0.03,392,2388,100.0,38.99,23.442,153,117,0
15,72,0.0039,-0.0002,100.0,518.67,642.24,1583.64,1403.24,14.62,21.61,555.1,2388.03,9056.8,1.3,47.26,522.32,2387.99,8136.04,8.419,0.03,391,2388,100.0,39.03,23.377,207,135,0
8,73,0.0035,0.0001,100.0,518.67,642.76,1589.54,1412.9,14.62,21.61,552.98,2388.13,9048.97,1.3,47.7,521.71,2388.2,8124.83,8.4614,0.03,393,2388,100.0,38.81,23.3273,150,77,0
54,100,0.0004,0.0,100.0,518.67,642.54,1579.7,1399.06,14.62,21.61,554.41,2388.05,9067.43,1.3,47.27,522.17,2388.01,8149.04,8.4108,0.03,391,2388,100.0,38.97,23.3886,257,157,0
67,5,0.0022,-0.0002,100.0,518.67,642.08,1591.25,1395.19,14.62,21.61,554.75,2388.07,9067.98,1.3,47.36,521.9,2388.06,8142.97,8.4489,0.03,392,2388,100.0,39.04,23.3165,313,308,0
92,260,0.0039,0.0005,100.0,518.67,643.16,1594.36,1420.25,14.62,21.61,553.32,2388.11,9078.64,1.3,47.71,521.19,2388.12,8157.61,8.4565,0.03,394,2388,100.0,38.66,23.2264,341,81,0
11,44,-0.0037,-0.0,100.0,518.67,642.22,1581.61,1405.46,14.62,21.61,554.34,2388.02,9056.38,1.3,47.17,522.52,2388.03,8132.99,8.4236,0.03,391,2388,100.0,39.09,23.4477,240,196,0
32,2,-0.0031,0.0001,100.0,518.67,642.69,1587.64,1402.8,14.62,21.61,553.45,2388.09,9055.53,1.3,47.61,521.68,2388.15,8131.61,8.4412,0.03,394,2388,100.0,38.79,23.371,191,189,0
34,49,-0.0019,0.0001,100.0,518.67,642.19,1592.61,1407.11,14.62,21.6,553.72,2388.1,9051.07,1.3,47.43,521.13,2388.04,8138.07,8.4501,0.03,392,2388,100.0,38.89,23.4083,195,146,0
3,165,-0.0005,-0.0001,100.0,518.67,642.96,1601.94,1416.31,14.62,21.61,552.94,2388.09,9150.46,1.3,47.97,521.1,2388.09,8215.68,8.4846,0.03,396,2388,100.0,38.69,23.123,179,14,1
40,126,-0.0025,-0.0001,100.0,518.67,643.31,1600.8,1421.92,14.62,21.61,551.98,2388.16,9068.38,1.3,47.66,521.21,2388.12,8151.49,8.4805,0.03,394,2388,100.0,38.64,23.1126,188,62,0
40,37,-0.002,0.0003,100.0,518.67,642.54,1587.98,1410.43,14.62,21.61,553.41,2388.15,9055.64,1.3,47.44,521.76,2388.09,8138.09,8.448,0.03,393,2388,100.0,38.88,23.3287,188,151,0
97,69,0.0001,-0.0001,100.0,518.67,642.08,1588.54,1403.75,14.62,21.61,553.73,2388.09,9046.68,1.3,47.37,521.56,2388.08,8133.05,8.4384,0.03,392,2388,100.0,38.92,23.4121,202,133,0
88,52,-0.0006,0.0002,100.0,518.67,642.45,1590.23,1405.08,14.62,21.61,553.84,2388.0,9074.56,1.3,47.42,521.99,2388.04,8152.14,8.4034,0.03,392,2388,100.0,38.89,23.3104,213,161,0
100,27,0.0002,0.0003,100.0,518.67,642.5,1587.63,1405.48,14.62,21.61,553.96,2388.06,9060.08,1.3,47.36,521.84,2388.11,8140.89,8.4242,0.03,392,2388,100.0,38.92,23.3996,200,173,0
18,40,-0.0007,0.0003,100.0,518.67,642.39,1586.54,1402.17,14.62,21.61,554.34,2388.04,9052.82,1.3,47.24,522.56,2387.98,8145.6,8.4039,0.03,392,2388,100.0,39.04,23.5294,195,155,0
65,153,0.0021,-0.0001,100.0,518.67,643.95,1592.45,1432.83,14.62,21.61,551.19,2388.28,9030.23,1.3,48.08,519.73,2388.34,8109.49,8.5197,0.03,396,2388,100.0,38.37,23.1362,153,0,1
94,55,-0.0014,0.0002,100.0,518.67,642.75,1591.49,1403.86,14.62,21.61,553.47,2388.18,9040.64,1.3,47.29,521.13,2388.15,8126.72,8.4577,0.03,392,2388,100.0,38.95,23.3929,258,203,0
40,167,0.001,-0.0002,100.0,518.67,643.61,1592.84,1422.9,14.62,21.61,551.87,2388.22,9105.82,1.3,47.87,520.53,2388.18,8167.87,8.482,0.03,396,2388,100.0,38.58,23.1092,188,21,1
89,181,-0.0019,-0.0001,100.0,518.67,642.9,1588.15,1409.11,14.62,21.61,552.58,2388.12,9070.16,1.3,47.69,520.87,2388.21,8149.76,8.4799,0.03,393,2388,100.0,38.55,23.2627,217,36,0
12,119,0.0025,-0.0001,100.0,518.67,643.28,1594.82,1410.41,14.62,21.61,552.8,2388.23,9050.16,1.3,47.81,521.3,2388.19,8126.45,8.4725,0.03,394,2388,100.0,38.71,23.239,170,51,0
22,2,0.0022,0.0001,100.0,518.67,642.59,1590.88,1411.44,14.62,21.61,552.92,2388.16,9044.01,1.3,47.65,521.14,2388.15,8131.18,8.4395,0.03,393,2388,100.0,38.71,23.4163,202,200,0
39,78,-0.0047,0.0004,100.0,518.67,642.89,1592.22,1414.4,14.62,21.61,552.33,2388.15,9041.95,1.3,47.83,520.88,2388.19,8125.87,8.4676,0.03,392,2388,100.0,39.11,23.1702,128,50,0
3,126,0.0013,0.0004,100.0,518.67,642.76,1583.13,1409.96,14.62,21.61,554.41,2388.02,9076.07,1.3,47.41,521.56,2388.11,8156.2,8.4597,0.03,394,2388,100.0,38.9,23.2845,179,53,0
92,121,0.0015,-0.0002,100.0,518.67,642.95,1590.41,1400.67,14.62,21.61,553.96,2388.05,9064.58,1.3,47.41,521.18,2388.06,8137.71,8.4009,0.03,393,2388,100.0,38.81,23.3338,341,220,0
25,144,-0.0016,0.0003,100.0,518.67,642.78,1585.02,1410.98,14.62,21.61,553.13,2388.09,9053.39,1.3,47.54,521.36,2388.15,8138.14,8.4626,0.03,392,2388,100.0,38.83,23.2199,230,86,0
28,75,0.0012,0.0004,100.0,518.67,642.2,1589.25,1397.92,14.62,21.61,554.47,2387.99,9061.14,1.3,47.21,522.2,2387.95,8142.93,8.4315,0.03,392,2388,100.0,39.0,23.3564,165,90,0
97,196,-0.0001,0.0,100.0,518.67,643.19,1597.51,1429.74,14.62,21.61,552.69,2388.11,9187.06,1.3,47.87,520.83,2388.13,8240.08,8.4874,0.03,395,2388,100.0,38.51,23.1614,202,6,1
90,48,-0.0008,-0.0,100.0,518.67,641.56,1581.43,1392.44,14.62,21.61,554.34,2388.02,9056.14,1.3,47.41,522.45,2388.03,8136.24,8.4207,0.03,393,2388,100.0,38.84,23.389,154,106,0
30,27,0.0007,-0.0003,100.0,518.67,641.54,1583.17,1398.41,14.62,21.61,554.95,2387.97,9059.15,1.3,47.12,522.61,2388.0,8141.52,8.3828,0.03,390,2388,100.0,39.02,23.5524,194,167,0
96,50,-0.0011,-0.0005,100.0,518.67,642.56,1585.47,1399.51,14.62,21.61,554.03,2388.04,9053.16,1.3,47.33,521.99,2388.1,8133.36,8.4231,0.03,394,2388,100.0,38.84,23.3313,336,286,0
96,51,-0.0002,0.0001,100.0,518.67,642.66,1579.83,1399.1,14.62,21.61,554.92,2388.05,9050.69,1.3,47.31,522.06,2388.08,8134.97,8.4432,0.03,393,2388,100.0,39.17,23.3341,336,285,0
69,64,-0.0029,-0.0002,100.0,518.67,641.78,1583.57,1403.32,14.62,21.61,554.73,2388.07,9066.03,1.3,47.37,521.62,2388.09,8143.96,8.4115,0.03,391,2388,100.0,39.0,23.4353,362,298,0
100,105,0.0008,-0.0001,100.0,518.67,642.51,1588.76,1407.18,14.62,21.61,553.42,2388.14,9067.65,1.3,47.39,522.01,2388.08,8145.01,8.4303,0.03,393,2388,100.0,38.82,23.3207,200,95,0
88,156,-0.0025,0.0004,100.0,518.67,642.27,1588.44,1412.41,14.62,21.61,552.91,2388.14,9093.41,1.3,47.46,521.35,2388.07,8164.8,8.4634,0.03,394,2388,100.0,38.78,23.2911,213,57,0
88,210,0.0041,0.0001,100.0,518.67,643.92,1601.2,1426.06,14.62,21.61,551.87,2388.13,9143.49,1.3,48.14,520.02,2388.15,8210.67,8.5122,0.03,396,2388,100.0,38.57,23.0343,213,3,1
95,12,-0.0006,0.0002,100.0,518.67,642.77,1581.11,1394.96,14.62,21.61,554.24,2387.99,9069.42,1.3,47.09,522.35,2388.0,8149.33,8.4267,0.03,393,2388,100.0,38.71,23.4034,283,271,0
20,125,0.0051,0.0005,100.0,518.67,642.56,1593.75,1409.01,14.62,21.61,553.45,2388.16,9056.81,1.3,47.71,521.65,2388.12,8140.99,8.4587,0.03,394,2388,100.0,38.69,23.2647,234,109,0
96,118,0.0027,0.0,100.0,518.67,642.6,1592.72,1401.72,14.62,21.61,554.15,2388.05,9052.38,1.3,47.37,521.75,2388.07,8136.19,8.3988,0.03,393,2388,100.0,38.96,23.3399,336,218,0
73,94,-0.0023,0.0002,100.0,518.67,642.98,1595.09,1410.65,14.62,21.61,552.42,2388.15,9043.87,1.3,47.65,520.84,2388.23,8126.17,8.4574,0.03,394,2388,100.0,38.84,23.2116,213,119,0
95,281,0.0026,0.0001,100.0,518.67,644.21,1595.63,1430.88,14.62,21.61,552.64,2388.19,9117.06,1.3,48.15,519.91,2388.21,8187.88,8.5007,0.03,395,2388,100.0,38.65,23.1434,283,2,1
12,5,0.0064,-0.0002,100.0,518.67,642.81,1584.77,1410.35,14.62,21.61,553.07,2388.06,9045.8,1.3,47.68,521.47,2388.11,8126.65,8.4478,0.03,393,2388,100.0,39.04,23.3366,170,165,0
9,83,-0.0021,0.0003,100.0,518.67,641.76,1585.4,1397.5,14.62,21.61,554.15,2387.98,9069.92,1.3,47.17,521.97,2388.0,8150.5,8.4005,0.03,392,2388,100.0,38.83,23.4324,201,118,0
47,110,0.0,0.0004,100.0,518.67,642.46,1580.4,1403.36,14.62,21.61,554.48,2388.11,9070.64,1.3,47.29,522.04,2388.03,8151.6,8.3694,0.03,392,2388,100.0,39.1,23.4281,214,104,0
17,55,0.0004,-0.0003,100.0,518.67,642.08,1583.19,1393.34,14.62,21.61,553.72,2387.97,9054.81,1.3,47.43,521.76,2388.05,8146.6,8.4243,0.03,393,2388,100.0,38.9,23.4178,276,221,0
52,166,-0.003,-0.0002,100.0,518.67,643.06,1591.63,1414.52,14.62,21.61,552.9,2388.1,9061.89,1.3,47.71,520.79,2388.15,8150.02,8.4887,0.03,395,2388,100.0,38.85,23.2368,213,47,0
14,28,0.0,-0.0001,100.0,518.67,643.21,1591.82,1409.04,14.62,21.61,554.03,2388.12,9057.41,1.3,47.44,521.86,2388.11,8146.12,8.4266,0.03,391,2388,100.0,38.71,23.3203,180,152,0
16,205,0.0035,0.0001,100.0,518.67,643.88,1608.26,1426.2,14.62,21.61,551.01,2388.26,9063.13,1.3,48.08,519.8,2388.22,8134.25,8.5213,0.03,397,2388,100.0,38.6,23.2392,209,4,1
8,133,0.002,0.0003,100.0,518.67,643.8,1597.34,1416.24,14.62,21.61,551.83,2388.21,9051.3,1.3,48.08,520.16,2388.28,8120.53,8.5008,0.03,395,2388,100.0,38.42,23.176,150,17,1
58,16,0.0017,-0.0001,100.0,518.67,642.33,1591.22,1400.87,14.62,21.61,553.7,2388.01,9064.49,1.3,47.34,521.77,2388.06,8146.41,8.4039,0.03,392,2388,100.0,39.06,23.2707,147,131,0
6,92,-0.003,-0.0004,100.0,518.67,642.8,1591.9,1407.76,14.62,21.61,552.35,2388.16,9032.39,1.3,47.63,520.89,2388.18,8121.11,8.4485,0.03,395,2388,100.0,38.85,23.2665,188,96,0
15,122,0.0018,-0.0004,100.0,518.67,642.11,1584.97,1398.55,14.62,21.61,554.97,2388.0,9056.93,1.3,47.52,522.16,2388.07,8136.92,8.3882,0.03,392,2388,100.0,38.96,23.3643,207,85,0
2,96,-0.0026,0.0006,100.0,518.67,642.42,1576.94,1399.59,14.62,21.61,554.4,2387.97,9059.0,1.3,47.07,521.66,2388.06,8137.78,8.3698,0.03,392,2388,100.0,38.92,23.3285,287,191,0
92,144,-0.0001,-0.0003,100.0,518.67,642.16,1595.23,1395.89,14.62,21.61,553.64,2388.06,9063.16,1.3,47.44,521.63,2388.05,8140.65,8.4138,0.03,393,2388,100.0,38.92,23.2852,341,197,0
71,121,-0.0014,0.0003,100.0,518.67,643.29,1592.08,1413.15,14.62,21.61,553.09,2388.12,9054.72,1.3,47.52,521.63,2388.14,8141.77,8.4509,0.03,395,2388,100.0,38.87,23.3197,208,87,0
65,66,-0.0044,0.0003,100.0,518.67,642.39,1589.33,1403.99,14.62,21.61,554.03,2388.06,9057.85,1.3,47.24,522.17,2388.01,8142.71,8.4189,0.03,393,2388,100.0,38.78,23.346,153,87,0
30,134,-0.0015,0.0004,100.0,518.67,642.2,1591.22,1407.07,14.62,21.61,553.9,2388.06,9064.56,1.3,47.24,521.52,2388.08,8139.88,8.4122,0.03,392,2388,100.0,38.87,23.2746,194,60,0
69,313,0.0003,-0.0004,100.0,518.67,643.07,1602.16,1415.37,14.62,21.61,552.28,2388.16,9056.99,1.3,47.89,520.82,2388.19,8134.18,8.5059,0.03,397,2388,100.0,38.74,23.0978,362,49,0
22,76,0.0001,-0.0002,100.0,518.67,643.09,1589.54,1411.94,14.62,21.61,552.57,2388.18,9047.09,1.3,47.78,521.28,2388.19,8127.9,8.4363,0.03,394,2388,100.0,38.68,23.3426,202,126,0
24,29,0.0001,0.0002,100.0,518.67,642.74,1587.78,1397.77,14.62,21.61,554.34,2388.01,9066.63,1.3,47.18,522.52,2388.07,8141.6,8.4287,0.03,392,2388,100.0,39.16,23.3126,147,118,0
44,67,-0.0023,-0.0002,100.0,518.67,642.17,1587.07,1404.48,14.62,21.61,554.29,2388.08,9060.12,1.3,47.38,522.31,2388.05,8146.81,8.4276,0.03,391,2388,100.0,38.91,23.3862,192,125,0
11,150,-0.0018,0.0003,100.0,518.67,642.06,1584.02,1402.72,14.62,21.61,553.68,2388.06,9065.96,1.3,47.26,521.89,2388.07,8144.14,8.4277,0.03,393,2388,100.0,39.13,23.3631,240,90,0
70,32,0.0019,0.0001,100.0,518.67,642.08,1593.15,1407.46,14.62,21.61,554.07,2388.08,9066.8,1.3,47.38,521.97,2388.04,8135.76,8.4255,0.03,393,2388,100.0,38.88,23.2503,137,105,0
80,181,0.0042,0.0002,100.0,518.67,644.0,1604.26,1428.92,14.62,21.61,552.24,2388.2,9145.62,1.3,48.17,520.44,2388.17,8218.63,8.5194,0.03,397,2388,100.0,38.39,23.1678,185,4,1
78,80,-0.006,0.0003,100.0,518.67,641.86,1587.43,1396.77,14.62,21.61,554.66,2387.98,9055.94,1.3,47.5,521.68,2387.94,8143.45,8.4018,0.03,391,2388,100.0,39.03,23.3328,231,151,0
96,149,0.003,-0.0,100.0,518.67,642.46,1590.93,1406.47,14.62,21.61,554.06,2388.14,9053.11,1.3,47.52,522.58,2388.07,8129.58,8.394,0.03,395,2388,100.0,39.01,23.2268,336,187,0
68,33,0.0026,-0.0001,100.0,518.67,642.94,1584.94,1402.85,14.62,21.61,554.4,2388.06,9060.83,1.3,47.44,522.08,2388.03,8147.72,8.4361,0.03,393,2388,100.0,38.98,23.4372,199,166,0
47,19,0.0014,-0.0005,100.0,518.67,642.2,1582.16,1395.54,14.62,21.61,554.24,2387.99,9067.02,1.3,47.43,522.82,2387.98,8144.83,8.3767,0.03,390,2388,100.0,39.09,23.3073,214,195,0
95,183,0.0007,0.0004,100.0,518.67,642.29,1585.09,1399.66,14.62,21.61,553.69,2388.04,9068.98,1.3,47.41,521.85,2388.07,8156.57,8.4162,0.03,393,2388,100.0,38.96,23.3933,283,100,0
54,213,-0.0013,0.0004,100.0,518.67,643.32,1599.83,1408.44,14.62,21.61,552.55,2388.05,9093.72,1.3,47.64,520.71,2388.09,8171.96,8.4466,0.03,394,2388,100.0,38.79,23.2957,257,44,0
20,193,0.0018,-0.0003,100.0,518.67,643.22,1592.26,1418.62,14.62,21.61,552.52,2388.14,9072.95,1.3,48.1,520.21,2388.16,8140.34,8.4537,0.03,395,2388,100.0,38.68,23.1715,234,41,0
26,190,0.0009,-0.0003,100.0,518.67,643.29,1601.67,1428.87,14.62,21.61,551.93,2388.15,9128.33,1.3,47.95,520.33,2388.14,8204.56,8.4889,0.03,396,2388,100.0,38.63,23.2113,199,9,1
48,47,0.001,-0.0005,100.0,518.67,642.22,1586.22,1394.9,14.62,21.61,554.28,2388.04,9062.28,1.3,47.24,521.99,2388.04,8147.93,8.4026,0.03,394,2388,100.0,39.0,23.3863,231,184,0
96,29,-0.0036,-0.0003,100.0,518.67,642.39,1578.06,1402.89,14.62,21.61,554.11,2388.04,9053.18,1.3,47.37,521.52,2388.05,8131.19,8.4268,0.03,392,2388,100.0,39.03,23.3051,336,307,0
60,69,-0.001,-0.0,100.0,518.67,642.81,1587.11,1409.76,14.62,21.61,553.94,2388.11,9053.12,1.3,47.53,521.7,2388.06,8134.89,8.4451,0.03,392,2388,100.0,38.85,23.2355,172,103,0
71,64,0.0004,-0.0004,100.0,518.67,642.43,1592.62,1401.17,14.62,21.61,553.17,2388.05,9049.03,1.3,47.36,521.91,2388.01,8131.8,8.4113,0.03,393,2388,100.0,38.57,23.3415,208,144,0
38,6,0.0018,0.0003,100.0,518.67,642.88,1589.93,1411.93,14.62,21.61,553.05,2388.07,9041.16,1.3,47.41,521.56,2388.07,8125.95,8.4314,0.03,393,2388,100.0,38.86,23.3884,194,188,0
72,40,-0.0023,0.0,100.0,518.67,642.56,1581.44,1401.99,14.62,21.61,554.12,2388.08,9040.77,1.3,47.32,521.79,2388.05,8126.72,8.4294,0.03,391,2388,100.0,38.92,23.3841,213,173,0
86,19,0.0022,-0.0001,100.0,518.67,642.39,1583.43,1404.43,14.62,21.61,553.24,2388.08,9060.48,1.3,47.51,521.61,2388.05,8140.3,8.4605,0.03,391,2388,100.0,38.74,23.3869,278,259,0
41,150,-0.0018,0.0001,100.0,518.67,642.92,1595.44,1410.32,14.62,21.61,553.13,2388.1,9081.9,1.3,47.7,521.25,2388.04,8156.93,8.4524,0.03,393,2388,100.0,38.79,23.2779,216,66,0
90,145,-0.0001,-0.0003,100.0,518.67,643.45,1598.26,1419.19,14.62,21.61,552.2,2388.21,9040.38,1.3,47.94,520.41,2388.28,8116.91,8.4987,0.03,396,2388,100.0,38.49,23.0567,154,9,1
83,53,-0.0007,-0.0001,100.0,518.67,641.58,1583.06,1398.35,14.62,21.61,553.93,2388.0,9061.29,1.3,47.24,522.59,2387.93,8138.0,8.4019,0.03,391,2388,100.0,39.27,23.568,293,240,0
56,166,-0.0009,0.0001,100.0,518.67,642.45,1596.94,1417.27,14.62,21.61,552.66,2388.1,9067.03,1.3,47.77,520.92,2388.11,8139.55,8.4798,0.03,395,2388,100.0,38.79,23.2592,275,109,0
17,256,-0.0021,-0.0002,100.0,518.67,643.2,1605.95,1421.93,14.62,21.61,553.17,2388.12,9143.08,1.3,47.88,520.53,2388.12,8208.09,8.5161,0.03,396,2388,100.0,38.52,23.1985,276,20,1
85,73,0.0023,0.0002,100.0,518.67,642.93,1581.63,1402.76,14.62,21.61,553.94,2388.06,9043.85,1.3,47.4,521.69,2388.07,8138.3,8.4576,0.03,393,2388,100.0,38.85,23.2689,188,115,0
95,168,0.0009,-0.0004,100.0,518.67,642.38,1586.19,1395.87,14.62,21.61,553.64,2388.01,9078.55,1.3,47.44,521.72,2388.04,8159.1,8.4354,0.03,393,2388,100.0,38.9,23.2932,283,115,0
15,77,-0.0019,0.0002,100.0,518.67,642.36,1584.32,1393.14,14.62,21.61,554.33,2388.03,9059.02,1.3,47.45,521.96,2388.0,8141.5,8.4374,0.03,393,2388,100.0,38.96,23.2786,207,130,0
54,242,-0.0009,-0.0004,100.0,518.67,643.32,1596.45,1427.83,14.62,21.61,552.29,2388.15,9125.38,1.3,47.99,520.2,2388.13,8198.47,8.4805,0.03,396,2388,100.0,38.78,23.0934,257,15,1
13,24,-0.0002,0.0005,100.0,518.67,642.95,1587.31,1406.29,14.62,21.61,553.75,2388.14,9051.44,1.3,47.64,521.89,2388.05,8134.74,8.4215,0.03,393,2388,100.0,38.85,23.2426,163,139,0
28,41,-0.002,-0.0003,100.0,518.67,641.76,1575.6,1396.3,14.62,21.61,554.56,2387.99,9064.08,1.3,47.19,522.48,2387.99,8146.71,8.3489,0.03,391,2388,100.0,39.24,23.4913,165,124,0
23,43,0.0019,0.0001,100.0,518.67,642.51,1593.46,1410.08,14.62,21.61,553.63,2388.16,9055.68,1.3,47.48,521.08,2388.07,8129.57,8.4235,0.03,395,2388,100.0,38.89,23.2898,168,125,0
30,45,-0.0009,0.0004,100.0,518.67,642.63,1582.57,1395.17,14.62,21.61,554.48,2388.01,9059.29,1.3,47.11,522.36,2388.05,8142.53,8.4136,0.03,392,2388,100.0,39.01,23.4841,194,149,0
96,141,-0.0013,0.0005,100.0,518.67,642.82,1591.08,1399.84,14.62,21.61,554.27,2388.03,9056.87,1.3,47.53,521.47,2388.1,8134.16,8.4485,0.03,392,2388,100.0,38.85,23.3401,336,195,0
81,209,0.0001,0.0004,100.0,518.67,643.67,1601.06,1411.82,14.62,21.61,551.98,2388.19,9059.33,1.3,48.06,520.42,2388.21,8140.55,8.4659,0.03,396,2388,100.0,38.58,23.1506,240,31,0
69,119,-0.0006,-0.0002,100.0,518.67,642.48,1585.14,1405.6,14.62,21.61,553.64,2388.04,9059.14,1.3,47.29,521.67,2388.09,8139.41,8.435,0.03,394,2388,100.0,38.74,23.3253,362,243,0
39,80,0.0035,0.0003,100.0,518.67,642.74,1593.62,1413.4,14.62,21.61,552.91,2388.16,9054.62,1.3,47.68,521.17,2388.18,8131.03,8.4803,0.03,393,2388,100.0,38.62,23.3142,128,48,0
2,114,-0.0005,-0.0002,100.0,518.67,642.13,1576.56,1397.05,14.62,21.61,555.1,2388.01,9055.66,1.3,47.19,522.13,2388.02,8138.67,8.4119,0.03,391,2388,100.0,39.06,23.3784,287,173,0
100,32,0.0014,0.0003,100.0,518.67,642.83,1591.57,1402.16,14.62,21.61,554.13,2388.07,9061.1,1.3,47.38,521.56,2388.05,8143.26,8.4457,0.03,392,2388,100.0,38.84,23.3812,200,168,0
64,79,0.0001,-0.0002,100.0,518.67,642.1,1592.68,1402.23,14.62,21.61,554.23,2388.04,9057.78,1.3,47.34,521.75,2388.08,8141.43,8.449,0.03,391,2388,100.0,38.98,23.255,283,204,0
68,103,-0.0035,0.0002,100.0,518.67,642.72,1593.54,1402.8,14.62,21.61,553.69,2388.1,9066.65,1.3,47.47,520.99,2388.1,8150.66,8.4248,0.03,394,2388,100.0,38.82,23.3068,199,96,0
32,96,-0.0014,0.0003,100.0,518.67,643.07,1588.99,1411.76,14.62,21.61,553.27,2388.15,9056.87,1.3,47.8,520.88,2388.13,8138.63,8.466,0.03,392,2388,100.0,38.67,23.224,191,95,0
27,120,0.0003,0.0002,100.0,518.67,643.3,1596.71,1415.04,14.62,21.61,551.91,2388.08,9086.22,1.3,47.84,520.73,2388.05,8160.94,8.4257,0.03,394,2388,100.0,38.8,23.1596,156,36,0
45,111,-0.0032,-0.0004,100.0,518.67,642.73,1592.62,1405.0,14.62,21.61,553.83,2388.05,9081.13,1.3,47.42,521.23,2388.1,8152.87,8.3702,0.03,392,2388,100.0,38.82,23.2946,158,47,0
80,80,0.001,-0.0,100.0,518.67,642.96,1586.68,1410.15,14.62,21.61,553.31,2388.19,9061.89,1.3,47.76,521.28,2388.13,8139.44,8.4344,0.03,392,2388,100.0,38.61,23.2109,185,105,0
12,36,0.003,-0.0004,100.0,518.67,642.91,1592.47,1400.78,14.62,21.61,553.33,2388.15,9045.66,1.3,47.49,521.59,2388.16,8131.97,8.4437,0.03,392,2388,100.0,38.8,23.1813,170,134,0
97,104,0.0034,0.0,100.0,518.67,642.7,1581.9,1403.14,14.62,21.61,554.26,2388.1,9059.95,1.3,47.46,522.16,2388.06,8141.2,8.4292,0.03,393,2388,100.0,38.92,23.3675,202,98,0
67,58,0.0005,-0.0,100.0,518.67,642.25,1585.95,1405.64,14.62,21.61,553.4,2388.09,9066.99,1.3,47.45,521.83,2388.05,8144.83,8.4208,0.03,394,2388,100.0,38.86,23.3355,313,255,0
14,177,0.0005,-0.0005,100.0,518.67,644.17,1599.2,1424.67,14.62,21.61,551.93,2388.21,9128.96,1.3,48.04,519.92,2388.18,8193.49,8.5166,0.03,397,2388,100.0,38.46,23.0187,180,3,1
13,115,0.0012,-0.0001,100.0,518.67,642.78,1598.39,1418.32,14.62,21.61,552.89,2388.11,9080.4,1.3,47.64,520.95,2388.12,8149.36,8.4596,0.03,393,2388,100.0,38.72,23.3051,163,48,0
77,105,-0.0012,0.0003,100.0,518.67,642.89,1598.96,1410.11,14.62,21.61,552.9,2388.15,9062.35,1.3,47.57,520.79,2388.15,8135.49,8.4865,0.03,394,2388,100.0,38.48,23.2111,154,49,0
63,115,0.0037,0.0003,100.0,518.67,642.53,1590.64,1410.05,14.62,21.61,553.55,2388.12,9076.86,1.3,47.78,521.37,2388.09,8155.8,8.471,0.03,395,2388,100.0,38.63,23.1651,174,59,0
45,33,-0.0003,0.0002,100.0,518.67,642.15,1587.98,1395.86,14.62,21.61,555.55,2388.01,9068.15,1.3,47.25,522.58,2388.0,8154.57,8.3851,0.03,391,2388,100.0,38.97,23.4007,158,125,0
49,165,-0.0012,-0.0004,100.0,518.67,642.99,1598.2,1418.34,14.62,21.61,552.74,2388.19,9049.8,1.3,47.83,521.08,2388.23,8128.97,8.4564,0.03,394,2388,100.0,38.87,23.243,215,50,0
30,74,-0.0004,-0.0001,100.0,518.67,642.31,1581.72,1408.31,14.62,21.61,554.44,2388.03,9059.39,1.3,46.95,522.83,2388.0,8146.71,8.4066,0.03,392,2388,100.0,39.0,23.3415,194,120,0
61,7,0.0005,-0.0003,100.0,518.67,642.23,1593.23,1400.51,14.62,21.61,554.66,2387.98,9057.02,1.3,47.07,522.69,2387.93,8145.9,8.385,0.03,391,2388,100.0,39.16,23.4766,185,178,0
25,2,-0.0003,0.0005,100.0,518.67,642.01,1585.04,1408.44,14.62,21.61,552.88,2388.11,9050.68,1.3,47.37,521.78,2388.11,8128.11,8.4518,0.03,394,2388,100.0,38.8,23.2932,230,228,0
73,206,0.0008,0.0003,100.0,518.67,643.38,1602.32,1427.63,14.62,21.61,551.2,2388.3,9038.97,1.3,47.98,520.06,2388.32,8113.42,8.5299,0.03,395,2388,100.0,38.45,22.9684,213,7,1
56,43,-0.0013,-0.0004,100.0,518.67,642.51,1588.29,1408.08,14.62,21.61,553.41,2388.09,9053.96,1.3,47.52,521.74,2388.07,8130.39,8.4427,0.03,392,2388,100.0,38.92,23.2327,275,232,0
33,14,-0.0016,-0.0004,100.0,518.67,642.01,1582.26,1394.42,14.62,21.61,554.44,2387.98,9060.31,1.3,47.17,522.31,2388.01,8144.7,8.3571,0.03,392,2388,100.0,39.13,23.4963,200,186,0
78,51,-0.0033,0.0003,100.0,518.67,642.39,1585.03,1401.62,14.62,21.61,554.24,2388.08,9059.89,1.3,47.33,522.98,2388.04,8145.05,8.4074,0.03,391,2388,100.0,39.14,23.3952,231,180,0
100,98,-0.0024,0.0003,100.0,518.67,642.79,1589.34,1404.17,14.62,21.61,553.11,2388.08,9068.4,1.3,47.64,521.56,2388.09,8144.6,8.4425,0.03,393,2388,100.0,38.83,23.2491,200,102,0
63,45,-0.0049,0.0002,100.0,518.67,642.95,1598.14,1405.24,14.62,21.61,554.37,2388.07,9062.22,1.3,47.41,521.42,2388.05,8145.36,8.4157,0.03,393,2388,100.0,38.98,23.3761,174,129,0
92,125,0.0,0.0002,100.0,518.67,642.82,1584.12,1405.1,14.62,21.61,553.37,2388.05,9056.66,1.3,47.34,521.37,2388.1,8137.62,8.459,0.03,395,2388,100.0,39.1,23.364,341,216,0
49,204,-0.0024,-0.0003,100.0,518.67,643.64,1590.75,1423.68,14.62,21.61,551.43,2388.25,9070.09,1.3,48.1,519.26,2388.22,8134.48,8.5561,0.03,396,2388,100.0,38.55,23.1325,215,11,1
26,52,-0.0042,-0.0003,100.0,518.67,642.97,1590.9,1408.69,14.62,21.61,552.88,2388.17,9050.83,1.3,47.59,521.23,2388.12,8130.1,8.4798,0.03,393,2388,100.0,38.94,23.3206,199,147,0
76,173,0.0005,0.0002,100.0,518.67,643.46,1594.78,1414.88,14.62,21.61,552.17,2388.2,9056.38,1.3,47.87,519.78,2388.22,8134.55,8.4619,0.03,393,2388,100.0,38.71,23.0934,210,37,0
73,18,-0.0025,0.0002,100.0,518.67,642.65,1599.46,1413.79,14.62,21.61,553.46,2388.11,9040.59,1.3,47.63,520.85,2388.18,8124.0,8.4642,0.03,393,2388,100.0,38.78,23.3479,213,195,0
42,30,-0.0013,-0.0,100.0,518.67,642.55,1587.38,1399.82,14.62,21.61,554.81,2388.09,9072.27,1.3,47.34,521.54,2388.0,8144.06,8.4206,0.03,391,2388,100.0,39.06,23.3579,196,166,0
62,105,0.0011,0.0005,100.0,518.67,642.6,1594.29,1413.35,14.62,21.61,552.46,2388.16,9054.4,1.3,47.7,520.86,2388.16,8132.64,8.4252,0.03,393,2388,100.0,38.88,23.2931,180,75,0
89,135,0.0024,0.0002,100.0,518.67,642.51,1597.43,1407.12,14.62,21.61,553.55,2388.09,9043.99,1.3,47.45,522.19,2388.08,8132.37,8.4245,0.03,392,2388,100.0,38.87,23.2956,217,82,0
70,93,-0.0005,0.0002,100.0,518.67,642.53,1585.37,1410.92,14.62,21.61,552.78,2388.18,9062.99,1.3,47.83,521.48,2388.11,8145.16,8.4651,0.03,395,2388,100.0,38.7,23.2681,137,44,0
36,147,-0.0012,-0.0002,100.0,518.67,643.64,1597.08,1425.03,14.62,21.61,551.64,2388.25,9054.02,1.3,48.11,519.83,2388.23,8133.97,8.5027,0.03,397,2388,100.0,38.45,23.0551,158,11,1
5,139,-0.0009,0.0003,100.0,518.67,642.33,1584.72,1401.56,14.62,21.61,555.09,2388.0,9082.51,1.3,47.27,522.2,2388.07,8153.89,8.4223,0.03,392,2388,100.0,38.92,23.3578,269,130,0
41,40,0.0045,0.0005,100.0,518.67,642.64,1580.17,1403.14,14.62,21.6,554.22,2388.03,9065.44,1.3,47.16,522.31,2388.0,8152.02,8.4046,0.03,393,2388,100.0,39.1,23.3544,216,176,0
66,184,0.0009,-0.0005,100.0,518.67,643.48,1597.75,1437.07,14.62,21.61,551.37,2388.19,9077.42,1.3,47.91,520.25,2388.17,8142.67,8.4956,0.03,396,2388,100.0,38.66,23.1035,202,18,1
89,208,-0.0019,-0.0002,100.0,518.67,643.47,1596.54,1422.41,14.62,21.61,551.76,2388.18,9077.19,1.3,47.98,519.84,2388.21,8147.84,8.5044,0.03,395,2388,100.0,38.55,23.0596,217,9,1
60,45,-0.0023,-0.0,100.0,518.67,642.26,1584.41,1405.56,14.62,21.61,554.66,2388.08,9057.41,1.3,47.48,521.71,2388.04,8132.58,8.4623,0.03,394,2388,100.0,38.82,23.3781,172,127,0
31,129,-0.0001,-0.0002,100.0,518.67,641.98,1588.97,1404.6,14.62,21.6,553.63,2387.99,9059.61,1.3,47.31,521.84,2388.04,8143.15,8.4003,0.03,392,2388,100.0,39.1,23.301,234,105,0
19,122,-0.0009,-0.0004,100.0,518.67,643.91,1587.38,1417.15,14.62,21.61,551.98,2388.2,9046.68,1.3,47.85,520.52,2388.2,8123.54,8.5054,0.03,396,2388,100.0,38.51,23.2121,158,36,0
52,55,0.0011,-0.0005,100.0,518.67,642.87,1584.3,1411.08,14.62,21.61,554.29,2388.09,9044.02,1.3,47.42,521.19,2388.07,8130.67,8.4088,0.03,394,2388,100.0,38.87,23.3254,213,158,0
36,64,-0.0044,0.0002,100.0,518.67,642.41,1592.92,1407.3,14.62,21.61,552.89,2388.15,9060.17,1.3,47.51,521.47,2388.11,8136.77,8.4169,0.03,392,2388,100.0,38.76,23.2874,158,94,0
94,54,-0.0027,-0.0004,100.0,518.67,642.43,1593.14,1408.71,14.62,21.61,553.43,2388.1,9048.55,1.3,47.46,520.89,2388.09,8131.96,8.4273,0.03,393,2388,100.0,38.86,23.1906,258,204,0
89,3,-0.0002,-0.0004,100.0,518.67,642.2,1584.76,1392.73,14.62,21.61,554.54,2388.09,9041.99,1.3,47.34,522.36,2388.08,8130.65,8.3794,0.03,393,2388,100.0,39.15,23.3842,217,214,0
6,79,-0.0004,0.0004,100.0,518.67,643.12,1593.19,1414.85,14.62,21.61,553.54,2388.12,9044.06,1.3,47.83,521.2,2388.17,8122.79,8.453,0.03,393,2388,100.0,38.72,23.2171,188,109,0
69,113,-0.0002,-0.0002,100.0,518.67,642.88,1588.63,1413.22,14.62,21.61,553.99,2388.05,9062.7,1.3,47.48,522.25,2388.05,8141.12,8.4156,0.03,392,2388,100.0,38.88,23.4319,362,249,0
69,137,0.0001,0.0004,100.0,518.67,642.4,1586.21,1408.87,14.62,21.61,553.53,2388.04,9062.31,1.3,47.49,521.84,2388.08,8132.49,8.3908,0.03,391,2388,100.0,38.89,23.4165,362,225,0
25,132,0.0004,0.0002,100.0,518.67,642.61,1590.26,1406.83,14.62,21.61,553.99,2388.12,9055.94,1.3,47.5,521.67,2388.14,8131.55,8.3899,0.03,392,2388,100.0,38.67,23.2475,230,98,0
1,139,-0.0014,0.0005,100.0,518.67,643.11,1592.28,1412.6,14.62,21.61,553.25,2388.06,9044.81,1.3,47.67,521.03,2388.15,8124.97,8.4621,0.03,394,2388,100.0,38.88,23.3422,192,53,0
